recipient_region,recipient_offset,recipient_length,mode,expert_mask,mini_model_mask,profile_id,stream_class,donor_count,donors,vr_min_length,vr_event_count,baseline_payload_bytes,candidate_payload_bytes,gross_gain_bytes,standalone_plan_bytes,net_gain_bytes,candidate_count,exact_trials,status
0,0,1048219,baseline,0,0,0,10,0,-,0,0,104950,104950,0,0,0,57,57,baseline
1,1048219,1049689,baseline,0,0,0,10,0,-,0,0,141368,141368,0,0,0,105,105,baseline
2,2097908,1048760,baseline,0,0,0,10,0,-,0,0,141326,141326,0,0,0,106,106,baseline
3,3146668,1048846,baseline,0,0,0,10,0,-,0,0,117778,117778,0,0,0,90,90,baseline
4,4195514,1047961,baseline,0,0,0,10,0,-,0,0,220464,220464,0,0,0,85,85,baseline
5,5243475,1048325,baseline,0,0,0,10,0,-,0,0,118039,118039,0,0,0,85,85,baseline
6,6291800,1050555,baseline,0,0,0,10,0,-,0,0,234328,234328,0,0,0,85,85,baseline
7,7342355,1050180,baseline,0,0,0,10,0,-,0,0,219880,219880,0,0,0,85,85,baseline
8,8392535,1054725,baseline,0,0,0,10,0,-,0,0,204242,204242,0,0,0,101,101,baseline
9,9447260,1046778,baseline,0,0,0,10,0,-,0,0,233598,233598,0,0,0,85,85,baseline
10,10494038,1049016,baseline,0,0,0,10,0,-,0,0,239783,239783,0,0,0,85,85,baseline
11,11543054,1047966,baseline,0,0,0,10,0,-,0,0,247227,247227,0,0,0,97,97,baseline
12,12591020,1050582,baseline,0,0,0,10,0,-,0,0,225788,225788,0,0,0,105,105,baseline
13,13641602,1057613,baseline,0,0,0,10,0,-,0,0,249750,249750,0,0,0,94,94,baseline
14,14699215,1050275,baseline,0,0,0,10,0,-,0,0,224772,224772,0,0,0,101,101,baseline
15,15749490,1048369,baseline,0,0,0,10,0,-,0,0,200639,200639,0,0,0,105,105,baseline
16,16797859,1046789,baseline,0,0,0,10,0,-,0,0,238689,238689,0,0,0,93,93,baseline
17,17844648,1051023,baseline,0,0,0,10,0,-,0,0,200526,200526,0,0,0,85,85,baseline
18,18895671,1047724,baseline,0,0,0,10,0,-,0,0,237242,237242,0,0,0,97,97,baseline
19,19943395,1047479,baseline,0,0,0,10,0,-,0,0,216181,216181,0,0,0,89,89,baseline
20,20990874,1048917,baseline,0,0,0,10,0,-,0,0,212815,212815,0,0,0,105,105,baseline
21,22039791,1054737,baseline,0,0,0,10,0,-,0,0,161711,161711,0,0,0,105,105,baseline
22,23094528,1044683,baseline,0,0,0,10,0,-,0,0,205229,205229,0,0,0,106,106,baseline
23,24139211,1054234,baseline,0,0,0,10,0,-,0,0,212237,212237,0,0,0,106,106,baseline
24,25193445,1048781,baseline,0,0,0,10,0,-,0,0,235734,235734,0,0,0,105,105,baseline
25,26242226,1047499,baseline,0,0,0,10,0,-,0,0,238714,238714,0,0,0,85,85,baseline
26,27289725,1049665,baseline,0,0,0,10,0,-,0,0,236524,236524,0,0,0,106,106,baseline
27,28339390,1043373,baseline,0,0,0,10,0,-,0,0,219152,219152,0,0,0,105,105,baseline
28,29382763,1047972,baseline,0,0,0,10,0,-,0,0,208873,208873,0,0,0,105,105,baseline
29,30430735,1054148,baseline,0,0,0,10,0,-,0,0,271886,271886,0,0,0,85,85,baseline
30,31484883,1046146,baseline,0,0,0,10,0,-,0,0,272763,272763,0,0,0,85,85,baseline
31,32531029,1050376,baseline,0,0,0,10,0,-,0,0,279974,279974,0,0,0,85,85,baseline
32,33581405,1055789,baseline,0,0,0,10,0,-,0,0,256917,256917,0,0,0,106,106,baseline
33,34637194,1045396,baseline,0,0,0,10,0,-,0,0,242102,242102,0,0,0,105,105,baseline
34,35682590,1052933,baseline,0,0,0,10,0,-,0,0,232385,232385,0,0,0,85,85,baseline
35,36735523,1050153,baseline,0,0,0,10,0,-,0,0,235899,235899,0,0,0,105,105,baseline
36,37785676,1053728,baseline,0,0,0,10,0,-,0,0,264565,264565,0,0,0,85,85,baseline
37,38839404,1047692,baseline,0,0,0,10,0,-,0,0,252289,252289,0,0,0,93,93,baseline
38,39887096,1050095,baseline,0,0,0,10,0,-,0,0,211572,211572,0,0,0,105,105,baseline
39,40937191,1049210,baseline,0,0,0,10,0,-,0,0,237977,237977,0,0,0,85,85,baseline
40,41986401,1048172,baseline,0,0,0,10,0,-,0,0,245177,245177,0,0,0,97,97,baseline
41,43034573,1047746,baseline,0,0,0,10,0,-,0,0,218896,218896,0,0,0,101,101,baseline
42,44082319,1047797,baseline,0,0,0,10,0,-,0,0,178889,178889,0,0,0,105,105,baseline
43,45130116,1046219,baseline,0,0,0,10,0,-,0,0,219179,219179,0,0,0,105,105,baseline
44,46176335,1051863,baseline,0,0,0,10,0,-,0,0,250012,250012,0,0,0,85,85,baseline
45,47228198,1048609,baseline,0,0,0,10,0,-,0,0,271667,271667,0,0,0,85,85,baseline
46,48276807,1049791,baseline,0,0,0,10,0,-,0,0,277392,277392,0,0,0,85,85,baseline
47,49326598,1048518,baseline,0,0,0,10,0,-,0,0,265659,265659,0,0,0,85,85,baseline
48,50375116,1054429,baseline,0,0,0,10,0,-,0,0,282886,282886,0,0,0,86,86,baseline
49,51429545,1048619,baseline,0,0,0,10,0,-,0,0,263426,263426,0,0,0,86,86,baseline
50,52478164,1048664,baseline,0,0,0,10,0,-,0,0,246769,246769,0,0,0,85,85,baseline
51,53526828,1047831,baseline,0,0,0,10,0,-,0,0,283095,283095,0,0,0,85,85,baseline
52,54574659,1048408,baseline,0,0,0,10,0,-,0,0,267663,267663,0,0,0,85,85,baseline
53,55623067,1050822,baseline,0,0,0,10,0,-,0,0,233735,233735,0,0,0,97,97,baseline
54,56673889,1049159,baseline,0,0,0,10,0,-,0,0,267396,267396,0,0,0,97,97,baseline
55,57723048,1049196,baseline,0,0,0,10,0,-,0,0,265633,265633,0,0,0,97,97,baseline
56,58772244,1044753,baseline,0,0,0,10,0,-,0,0,252710,252710,0,0,0,85,85,baseline
57,59816997,1047586,baseline,0,0,0,10,0,-,0,0,262436,262436,0,0,0,105,105,baseline
58,60864583,1045525,baseline,0,0,0,10,0,-,0,0,278646,278646,0,0,0,85,85,baseline
59,61910108,1051779,baseline,0,0,0,10,0,-,0,0,261519,261519,0,0,0,93,93,baseline
60,62961887,1052056,baseline,0,0,0,10,0,-,0,0,243390,243390,0,0,0,85,85,baseline
61,64013943,1049996,baseline,0,0,0,10,0,-,0,0,280501,280501,0,0,0,93,93,baseline
62,65063939,1049331,baseline,0,0,0,10,0,-,0,0,205050,205050,0,0,0,98,98,baseline
63,66113270,1048925,baseline,0,0,0,10,0,-,0,0,251822,251822,0,0,0,102,102,baseline
64,67162195,1048801,baseline,0,0,0,10,0,-,0,0,261718,261718,0,0,0,105,105,baseline
65,68210996,1049294,baseline,0,0,0,10,0,-,0,0,223543,223543,0,0,0,105,105,baseline
66,69260290,1048631,baseline,0,0,0,10,0,-,0,0,200507,200507,0,0,0,105,105,baseline
67,70308921,1050169,baseline,0,0,0,10,0,-,0,0,272064,272064,0,0,0,105,105,baseline
68,71359090,1054090,baseline,0,0,0,10,0,-,0,0,257553,257553,0,0,0,106,106,baseline
69,72413180,1048830,baseline,0,0,0,10,0,-,0,0,254791,254791,0,0,0,85,85,baseline
70,73462010,1043106,baseline,0,0,0,10,0,-,0,0,255713,255713,0,0,0,105,105,baseline
71,74505116,1045745,baseline,0,0,0,10,0,-,0,0,281915,281915,0,0,0,105,105,baseline
72,75550861,1049284,baseline,0,0,0,10,0,-,0,0,272827,272827,0,0,0,106,106,baseline
73,76600145,1049404,baseline,0,0,0,10,0,-,0,0,263613,263613,0,0,0,101,101,baseline
74,77649549,1049401,baseline,0,0,0,10,0,-,0,0,269741,269741,0,0,0,97,97,baseline
75,78698950,1050159,baseline,0,0,0,10,0,-,0,0,240669,240669,0,0,0,105,105,baseline
76,79749109,1047971,baseline,0,0,0,10,0,-,0,0,254380,254380,0,0,0,105,105,baseline
77,80797080,1048978,baseline,0,0,0,10,0,-,0,0,240509,240509,0,0,0,105,105,baseline
78,81846058,1049627,baseline,0,0,0,10,0,-,0,0,227177,227177,0,0,0,106,106,baseline
79,82895685,1048835,baseline,0,0,0,10,0,-,0,0,189314,189314,0,0,0,105,105,baseline
80,83944520,1045011,baseline,0,0,0,10,0,-,0,0,244596,244596,0,0,0,105,105,baseline
81,84989531,1048734,baseline,0,0,0,10,0,-,0,0,259768,259768,0,0,0,105,105,baseline
82,86038265,1049376,baseline,0,0,0,10,0,-,0,0,244052,244052,0,0,0,105,105,baseline
83,87087641,1048959,baseline,0,0,0,10,0,-,0,0,240462,240462,0,0,0,105,105,baseline
84,88136600,1048261,baseline,0,0,0,10,0,-,0,0,189821,189821,0,0,0,105,105,baseline
85,89184861,1050339,baseline,0,0,0,10,0,-,0,0,196765,196765,0,0,0,106,106,baseline
86,90235200,1048918,baseline,0,0,0,10,0,-,0,0,194856,194856,0,0,0,105,105,baseline
87,91284118,1050456,baseline,0,0,0,10,0,-,0,0,199134,199134,0,0,0,85,85,baseline
88,92334574,1044990,baseline,0,0,0,10,0,-,0,0,198975,198975,0,0,0,85,85,baseline
89,93379564,1048442,baseline,0,0,0,10,0,-,0,0,206231,206231,0,0,0,105,105,baseline
90,94428006,1047516,baseline,0,0,0,10,0,-,0,0,238649,238649,0,0,0,105,105,baseline
91,95475522,1047783,baseline,0,0,0,10,0,-,0,0,225853,225853,0,0,0,105,105,baseline
92,96523305,1048709,baseline,0,0,0,10,0,-,0,0,257793,257793,0,0,0,105,105,baseline
93,97572014,1047722,baseline,0,0,0,10,0,-,0,0,277777,277777,0,0,0,105,105,baseline
94,98619736,1047395,baseline,0,0,0,10,0,-,0,0,271617,271617,0,0,0,105,105,baseline
95,99667131,1048501,baseline,0,0,0,10,0,-,0,0,259824,259824,0,0,0,106,106,baseline
96,100715632,1046864,baseline,0,0,0,10,0,-,0,0,263197,263197,0,0,0,105,105,baseline
97,101762496,1047087,baseline,0,0,0,10,0,-,0,0,251987,251987,0,0,0,105,105,baseline
98,102809583,1052458,baseline,0,0,0,10,0,-,0,0,264530,264530,0,0,0,105,105,baseline
0,0,1048219,baseline,0,0,0,10,0,-,0,0,104950,104950,0,0,0,8,8,baseline
1,1048219,1049689,baseline,0,0,0,10,0,-,0,0,141368,141368,0,0,0,8,8,baseline
2,2097908,1048760,baseline,0,0,0,10,0,-,0,0,141326,141326,0,0,0,8,8,baseline
3,3146668,1048846,baseline,0,0,0,10,0,-,0,0,117778,117778,0,0,0,8,8,baseline
4,4195514,1047961,baseline,0,0,0,10,0,-,0,0,220464,220464,0,0,0,8,8,baseline
5,5243475,1048325,baseline,0,0,0,10,0,-,0,0,118039,118039,0,0,0,8,8,baseline
6,6291800,1050555,baseline,0,0,0,10,0,-,0,0,234328,234328,0,0,0,8,8,baseline
7,7342355,1050180,baseline,0,0,0,10,0,-,0,0,219880,219880,0,0,0,8,8,baseline
8,8392535,1054725,baseline,0,0,0,10,0,-,0,0,204242,204242,0,0,0,8,8,baseline
9,9447260,1046778,baseline,0,0,0,10,0,-,0,0,233598,233598,0,0,0,8,8,baseline
10,10494038,1049016,baseline,0,0,0,10,0,-,0,0,239783,239783,0,0,0,8,8,baseline
11,11543054,1047966,baseline,0,0,0,10,0,-,0,0,247227,247227,0,0,0,8,8,baseline
12,12591020,1050582,baseline,0,0,0,10,0,-,0,0,225788,225788,0,0,0,8,8,baseline
13,13641602,1057613,baseline,0,0,0,10,0,-,0,0,249750,249750,0,0,0,8,8,baseline
14,14699215,1050275,baseline,0,0,0,10,0,-,0,0,224772,224772,0,0,0,8,8,baseline
15,15749490,1048369,baseline,0,0,0,10,0,-,0,0,200639,200639,0,0,0,8,8,baseline
16,16797859,1046789,baseline,0,0,0,10,0,-,0,0,238689,238689,0,0,0,8,8,baseline
17,17844648,1051023,baseline,0,0,0,10,0,-,0,0,200526,200526,0,0,0,8,8,baseline
18,18895671,1047724,baseline,0,0,0,10,0,-,0,0,237242,237242,0,0,0,8,8,baseline
19,19943395,1047479,baseline,0,0,0,10,0,-,0,0,216181,216181,0,0,0,8,8,baseline
20,20990874,1048917,baseline,0,0,0,10,0,-,0,0,212815,212815,0,0,0,8,8,baseline
21,22039791,1054737,baseline,0,0,0,10,0,-,0,0,161711,161711,0,0,0,8,8,baseline
22,23094528,1044683,baseline,0,0,0,10,0,-,0,0,205229,205229,0,0,0,8,8,baseline
23,24139211,1054234,baseline,0,0,0,10,0,-,0,0,212237,212237,0,0,0,8,8,baseline
24,25193445,1048781,baseline,0,0,0,10,0,-,0,0,235734,235734,0,0,0,8,8,baseline
25,26242226,1047499,baseline,0,0,0,10,0,-,0,0,238714,238714,0,0,0,8,8,baseline
26,27289725,1049665,baseline,0,0,0,10,0,-,0,0,236524,236524,0,0,0,8,8,baseline
27,28339390,1043373,baseline,0,0,0,10,0,-,0,0,219152,219152,0,0,0,8,8,baseline
28,29382763,1047972,baseline,0,0,0,10,0,-,0,0,208873,208873,0,0,0,8,8,baseline
29,30430735,1054148,baseline,0,0,0,10,0,-,0,0,271886,271886,0,0,0,8,8,baseline
30,31484883,1046146,baseline,0,0,0,10,0,-,0,0,272763,272763,0,0,0,8,8,baseline
31,32531029,1050376,baseline,0,0,0,10,0,-,0,0,279974,279974,0,0,0,8,8,baseline
32,33581405,1055789,baseline,0,0,0,10,0,-,0,0,256917,256917,0,0,0,8,8,baseline
33,34637194,1045396,baseline,0,0,0,10,0,-,0,0,242102,242102,0,0,0,8,8,baseline
34,35682590,1052933,baseline,0,0,0,10,0,-,0,0,232385,232385,0,0,0,8,8,baseline
35,36735523,1050153,baseline,0,0,0,10,0,-,0,0,235899,235899,0,0,0,8,8,baseline
36,37785676,1053728,baseline,0,0,0,10,0,-,0,0,264565,264565,0,0,0,8,8,baseline
37,38839404,1047692,baseline,0,0,0,10,0,-,0,0,252289,252289,0,0,0,8,8,baseline
38,39887096,1050095,baseline,0,0,0,10,0,-,0,0,211572,211572,0,0,0,8,8,baseline
39,40937191,1049210,baseline,0,0,0,10,0,-,0,0,237977,237977,0,0,0,8,8,baseline
40,41986401,1048172,baseline,0,0,0,10,0,-,0,0,245177,245177,0,0,0,8,8,baseline
41,43034573,1047746,baseline,0,0,0,10,0,-,0,0,218896,218896,0,0,0,8,8,baseline
42,44082319,1047797,baseline,0,0,0,10,0,-,0,0,178889,178889,0,0,0,8,8,baseline
43,45130116,1046219,baseline,0,0,0,10,0,-,0,0,219179,219179,0,0,0,8,8,baseline
44,46176335,1051863,baseline,0,0,0,10,0,-,0,0,250012,250012,0,0,0,8,8,baseline
45,47228198,1048609,baseline,0,0,0,10,0,-,0,0,271667,271667,0,0,0,8,8,baseline
46,48276807,1049791,baseline,0,0,0,10,0,-,0,0,277392,277392,0,0,0,8,8,baseline
47,49326598,1048518,baseline,0,0,0,10,0,-,0,0,265659,265659,0,0,0,8,8,baseline
48,50375116,1054429,baseline,0,0,0,10,0,-,0,0,282886,282886,0,0,0,8,8,baseline
49,51429545,1048619,baseline,0,0,0,10,0,-,0,0,263426,263426,0,0,0,8,8,baseline
50,52478164,1048664,baseline,0,0,0,10,0,-,0,0,246769,246769,0,0,0,8,8,baseline
51,53526828,1047831,baseline,0,0,0,10,0,-,0,0,283095,283095,0,0,0,8,8,baseline
52,54574659,1048408,baseline,0,0,0,10,0,-,0,0,267663,267663,0,0,0,8,8,baseline
53,55623067,1050822,baseline,0,0,0,10,0,-,0,0,233735,233735,0,0,0,8,8,baseline
54,56673889,1049159,baseline,0,0,0,10,0,-,0,0,267396,267396,0,0,0,8,8,baseline
55,57723048,1049196,baseline,0,0,0,10,0,-,0,0,265633,265633,0,0,0,8,8,baseline
56,58772244,1044753,baseline,0,0,0,10,0,-,0,0,252710,252710,0,0,0,8,8,baseline
57,59816997,1047586,baseline,0,0,0,10,0,-,0,0,262436,262436,0,0,0,8,8,baseline
58,60864583,1045525,baseline,0,0,0,10,0,-,0,0,278646,278646,0,0,0,8,8,baseline
59,61910108,1051779,baseline,0,0,0,10,0,-,0,0,261519,261519,0,0,0,8,8,baseline
60,62961887,1052056,baseline,0,0,0,10,0,-,0,0,243390,243390,0,0,0,8,8,baseline
61,64013943,1049996,baseline,0,0,0,10,0,-,0,0,280501,280501,0,0,0,8,8,baseline
62,65063939,1049331,baseline,0,0,0,10,0,-,0,0,205050,205050,0,0,0,8,8,baseline
63,66113270,1048925,baseline,0,0,0,10,0,-,0,0,251822,251822,0,0,0,8,8,baseline
64,67162195,1048801,baseline,0,0,0,10,0,-,0,0,261718,261718,0,0,0,8,8,baseline
65,68210996,1049294,baseline,0,0,0,10,0,-,0,0,223543,223543,0,0,0,8,8,baseline
66,69260290,1048631,baseline,0,0,0,10,0,-,0,0,200507,200507,0,0,0,8,8,baseline
67,70308921,1050169,baseline,0,0,0,10,0,-,0,0,272064,272064,0,0,0,8,8,baseline
68,71359090,1054090,baseline,0,0,0,10,0,-,0,0,257553,257553,0,0,0,8,8,baseline
69,72413180,1048830,baseline,0,0,0,10,0,-,0,0,254791,254791,0,0,0,8,8,baseline
70,73462010,1043106,baseline,0,0,0,10,0,-,0,0,255713,255713,0,0,0,8,8,baseline
71,74505116,1045745,baseline,0,0,0,10,0,-,0,0,281915,281915,0,0,0,8,8,baseline
72,75550861,1049284,baseline,0,0,0,10,0,-,0,0,272827,272827,0,0,0,8,8,baseline
73,76600145,1049404,baseline,0,0,0,10,0,-,0,0,263613,263613,0,0,0,8,8,baseline
74,77649549,1049401,baseline,0,0,0,10,0,-,0,0,269741,269741,0,0,0,8,8,baseline
75,78698950,1050159,baseline,0,0,0,10,0,-,0,0,240669,240669,0,0,0,8,8,baseline
76,79749109,1047971,baseline,0,0,0,10,0,-,0,0,254380,254380,0,0,0,8,8,baseline
77,80797080,1048978,baseline,0,0,0,10,0,-,0,0,240509,240509,0,0,0,8,8,baseline
78,81846058,1049627,baseline,0,0,0,10,0,-,0,0,227177,227177,0,0,0,8,8,baseline
79,82895685,1048835,baseline,0,0,0,10,0,-,0,0,189314,189314,0,0,0,8,8,baseline
80,83944520,1045011,baseline,0,0,0,10,0,-,0,0,244596,244596,0,0,0,8,8,baseline
81,84989531,1048734,baseline,0,0,0,10,0,-,0,0,259768,259768,0,0,0,8,8,baseline
82,86038265,1049376,baseline,0,0,0,10,0,-,0,0,244052,244052,0,0,0,8,8,baseline
83,87087641,1048959,baseline,0,0,0,10,0,-,0,0,240462,240462,0,0,0,8,8,baseline
84,88136600,1048261,baseline,0,0,0,10,0,-,0,0,189821,189821,0,0,0,8,8,baseline
85,89184861,1050339,baseline,0,0,0,10,0,-,0,0,196765,196765,0,0,0,8,8,baseline
86,90235200,1048918,baseline,0,0,0,10,0,-,0,0,194856,194856,0,0,0,8,8,baseline
87,91284118,1050456,baseline,0,0,0,10,0,-,0,0,199134,199134,0,0,0,8,8,baseline
88,92334574,1044990,baseline,0,0,0,10,0,-,0,0,198975,198975,0,0,0,8,8,baseline
89,93379564,1048442,baseline,0,0,0,10,0,-,0,0,206231,206231,0,0,0,8,8,baseline
90,94428006,1047516,baseline,0,0,0,10,0,-,0,0,238649,238649,0,0,0,8,8,baseline
91,95475522,1047783,baseline,0,0,0,10,0,-,0,0,225853,225853,0,0,0,8,8,baseline
92,96523305,1048709,baseline,0,0,0,10,0,-,0,0,257793,257793,0,0,0,8,8,baseline
93,97572014,1047722,baseline,0,0,0,10,0,-,0,0,277777,277777,0,0,0,8,8,baseline
94,98619736,1047395,baseline,0,0,0,10,0,-,0,0,271617,271617,0,0,0,8,8,baseline
95,99667131,1048501,baseline,0,0,0,10,0,-,0,0,259824,259824,0,0,0,8,8,baseline
96,100715632,1046864,baseline,0,0,0,10,0,-,0,0,263197,263197,0,0,0,8,8,baseline
97,101762496,1047087,baseline,0,0,0,10,0,-,0,0,251987,251987,0,0,0,8,8,baseline
98,102809583,1052458,baseline,0,0,0,10,0,-,0,0,264530,264530,0,0,0,8,8,baseline
99,103862041,1048466,baseline,0,0,0,10,0,-,0,0,251345,251345,0,0,0,110,110,baseline
100,104910507,1052545,baseline,0,0,0,10,0,-,0,0,259523,259523,0,0,0,94,94,baseline
101,105963052,1043174,baseline,0,0,0,10,0,-,0,0,272180,272180,0,0,0,110,110,baseline
102,107006226,1047887,baseline,0,0,0,10,0,-,0,0,274677,274677,0,0,0,110,110,baseline
103,108054113,1055045,baseline,0,0,0,10,0,-,0,0,261190,261190,0,0,0,111,111,baseline
104,109109158,1049000,baseline,0,0,0,10,0,-,0,0,252266,252266,0,0,0,110,110,baseline
105,110158158,1049924,baseline,0,0,0,10,0,-,0,0,264911,264911,0,0,0,110,110,baseline
106,111208082,1048061,baseline,0,0,0,10,0,-,0,0,246926,246926,0,0,0,110,110,baseline
107,112256143,1047436,baseline,0,0,0,10,0,-,0,0,252245,252245,0,0,0,110,110,baseline
108,113303579,1052130,baseline,0,0,0,10,0,-,0,0,256587,256587,0,0,0,111,111,baseline
109,114355709,1042596,baseline,0,0,0,10,0,-,0,0,249806,249806,0,0,0,110,110,baseline
110,115398305,1047858,baseline,0,0,0,10,0,-,0,0,256985,256985,0,0,0,110,110,baseline
111,116446163,1044254,baseline,0,0,0,10,0,-,0,0,248795,248795,0,0,0,111,111,baseline
112,117490417,1048143,baseline,0,0,0,10,0,-,0,0,272741,272741,0,0,0,110,110,baseline
113,118538560,1041394,baseline,0,0,0,10,0,-,0,0,270774,270774,0,0,0,110,110,baseline
114,119579954,1048210,baseline,0,0,0,10,0,-,0,0,273022,273022,0,0,0,110,110,baseline
115,120628164,1047845,baseline,0,0,0,10,0,-,0,0,239329,239329,0,0,0,111,111,baseline
116,121676009,1048337,baseline,0,0,0,10,0,-,0,0,261875,261875,0,0,0,110,110,baseline
117,122724346,1039846,baseline,0,0,0,10,0,-,0,0,254293,254293,0,0,0,110,110,baseline
118,123764192,1047401,baseline,0,0,0,10,0,-,0,0,211733,211733,0,0,0,110,110,baseline
119,124811593,1048069,baseline,0,0,0,10,0,-,0,0,225762,225762,0,0,0,110,110,baseline
120,125859662,1047287,baseline,0,0,0,10,0,-,0,0,255270,255270,0,0,0,110,110,baseline
121,126906949,1049127,baseline,0,0,0,10,0,-,0,0,228297,228297,0,0,0,110,110,baseline
122,127956076,1044461,baseline,0,0,0,10,0,-,0,0,247288,247288,0,0,0,110,110,baseline
123,129000537,1042937,baseline,0,0,0,10,0,-,0,0,253764,253764,0,0,0,110,110,baseline
124,130043474,1052565,baseline,0,0,0,10,0,-,0,0,259602,259602,0,0,0,110,110,baseline
125,131096039,1047350,baseline,0,0,0,10,0,-,0,0,270958,270958,0,0,0,110,110,baseline
126,132143389,1052809,baseline,0,0,0,10,0,-,0,0,246709,246709,0,0,0,110,110,baseline
127,133196198,1048059,baseline,0,0,0,10,0,-,0,0,247976,247976,0,0,0,110,110,baseline
128,134244257,1053802,baseline,0,0,0,10,0,-,0,0,242566,242566,0,0,0,110,110,baseline
129,135298059,1053942,baseline,0,0,0,10,0,-,0,0,231967,231967,0,0,0,110,110,baseline
130,136352001,1050287,baseline,0,0,0,10,0,-,0,0,261550,261550,0,0,0,111,111,baseline
131,137402288,1047088,baseline,0,0,0,10,0,-,0,0,254258,254258,0,0,0,110,110,baseline
132,138449376,1039752,baseline,0,0,0,10,0,-,0,0,244252,244252,0,0,0,110,110,baseline
133,139489128,1050639,baseline,0,0,0,10,0,-,0,0,257235,257235,0,0,0,110,110,baseline
134,140539767,1048234,baseline,0,0,0,10,0,-,0,0,260181,260181,0,0,0,110,110,baseline
135,141588001,1047941,baseline,0,0,0,10,0,-,0,0,257079,257079,0,0,0,110,110,baseline
136,142635942,1048683,baseline,0,0,0,10,0,-,0,0,258044,258044,0,0,0,110,110,baseline
137,143684625,1059844,baseline,0,0,0,10,0,-,0,0,241143,241143,0,0,0,111,111,baseline
138,144744469,1047857,baseline,0,0,0,10,0,-,0,0,239515,239515,0,0,0,111,111,baseline
139,145792326,1049713,baseline,0,0,0,10,0,-,0,0,244381,244381,0,0,0,110,110,baseline
140,146842039,1044950,baseline,0,0,0,10,0,-,0,0,250303,250303,0,0,0,110,110,baseline
141,147886989,1046933,baseline,0,0,0,10,0,-,0,0,262370,262370,0,0,0,110,110,baseline
142,148933922,1051128,baseline,0,0,0,10,0,-,0,0,252130,252130,0,0,0,110,110,baseline
143,149985050,1044901,baseline,0,0,0,10,0,-,0,0,245067,245067,0,0,0,110,110,baseline
144,151029951,1040616,baseline,0,0,0,10,0,-,0,0,189586,189586,0,0,0,111,111,baseline
145,152070567,1048142,baseline,0,0,0,10,0,-,0,0,246983,246983,0,0,0,110,110,baseline
146,153118709,1046941,baseline,0,0,0,10,0,-,0,0,247502,247502,0,0,0,110,110,baseline
147,154165650,1049166,baseline,0,0,0,10,0,-,0,0,243168,243168,0,0,0,110,110,baseline
148,155214816,1048578,baseline,0,0,0,10,0,-,0,0,237047,237047,0,0,0,110,110,baseline
149,156263394,1050649,baseline,0,0,0,10,0,-,0,0,224784,224784,0,0,0,111,111,baseline
150,157314043,1046398,baseline,0,0,0,10,0,-,0,0,192759,192759,0,0,0,111,111,baseline
151,158360441,1048546,baseline,0,0,0,10,0,-,0,0,200318,200318,0,0,0,111,111,baseline
152,159408987,1048203,baseline,0,0,0,10,0,-,0,0,183727,183727,0,0,0,110,110,baseline
153,160457190,1049443,baseline,0,0,0,10,0,-,0,0,194563,194563,0,0,0,111,111,baseline
154,161506633,1047273,baseline,0,0,0,10,0,-,0,0,192011,192011,0,0,0,110,110,baseline
155,162553906,1047278,baseline,0,0,0,10,0,-,0,0,196292,196292,0,0,0,111,111,baseline
156,163601184,1044809,baseline,0,0,0,10,0,-,0,0,165150,165150,0,0,0,111,111,baseline
157,164645993,1046364,baseline,0,0,0,10,0,-,0,0,210860,210860,0,0,0,110,110,baseline
158,165692357,1048654,baseline,0,0,0,10,0,-,0,0,226820,226820,0,0,0,110,110,baseline
159,166741011,1051639,baseline,0,0,0,10,0,-,0,0,202798,202798,0,0,0,110,110,baseline
160,167792650,1046187,baseline,0,0,0,10,0,-,0,0,225917,225917,0,0,0,111,111,baseline
161,168838837,1043875,baseline,0,0,0,10,0,-,0,0,244977,244977,0,0,0,110,110,baseline
162,169882712,1048075,baseline,0,0,0,10,0,-,0,0,241573,241573,0,0,0,110,110,baseline
163,170930787,1044859,baseline,0,0,0,10,0,-,0,0,257324,257324,0,0,0,110,110,baseline
164,171975646,1049530,baseline,0,0,0,10,0,-,0,0,231080,231080,0,0,0,110,110,baseline
165,173025176,1048648,baseline,0,0,0,10,0,-,0,0,265420,265420,0,0,0,110,110,baseline
166,174073824,1037472,baseline,0,0,0,10,0,-,0,0,243547,243547,0,0,0,110,110,baseline
167,175111296,1052652,baseline,0,0,0,10,0,-,0,0,237385,237385,0,0,0,110,110,baseline
168,176163948,1030724,baseline,0,0,0,10,0,-,0,0,249435,249435,0,0,0,110,110,baseline
169,177194672,1049078,baseline,0,0,0,10,0,-,0,0,242546,242546,0,0,0,111,111,baseline
170,178243750,1052178,baseline,0,0,0,10,0,-,0,0,247147,247147,0,0,0,111,111,baseline
171,179295928,1047324,baseline,0,0,0,10,0,-,0,0,203766,203766,0,0,0,110,110,baseline
172,180343252,1042821,baseline,0,0,0,10,0,-,0,0,230085,230085,0,0,0,110,110,baseline
173,181386073,1052237,baseline,0,0,0,10,0,-,0,0,242091,242091,0,0,0,110,110,baseline
174,182438310,1048420,baseline,0,0,0,10,0,-,0,0,202325,202325,0,0,0,111,111,baseline
175,183486730,1046059,baseline,0,0,0,10,0,-,0,0,238800,238800,0,0,0,111,111,baseline
176,184532789,1042547,baseline,0,0,0,10,0,-,0,0,248310,248310,0,0,0,110,110,baseline
177,185575336,1045763,baseline,0,0,0,10,0,-,0,0,238533,238533,0,0,0,111,111,baseline
178,186621099,1049227,baseline,0,0,0,10,0,-,0,0,255943,255943,0,0,0,111,111,baseline
179,187670326,1039704,baseline,0,0,0,10,0,-,0,0,221622,221622,0,0,0,111,111,baseline
180,188710030,1048350,baseline,0,0,0,10,0,-,0,0,246342,246342,0,0,0,111,111,baseline
181,189758380,1048434,baseline,0,0,0,10,0,-,0,0,245466,245466,0,0,0,111,111,baseline
182,190806814,1045886,baseline,0,0,0,10,0,-,0,0,275420,275420,0,0,0,110,110,baseline
183,191852700,1047401,baseline,0,0,0,10,0,-,0,0,220294,220294,0,0,0,110,110,baseline
184,192900101,1047633,baseline,0,0,0,10,0,-,0,0,227979,227979,0,0,0,110,110,baseline
185,193947734,1051812,baseline,0,0,0,10,0,-,0,0,256245,256245,0,0,0,110,110,baseline
186,194999546,1050949,baseline,0,0,0,10,0,-,0,0,224907,224907,0,0,0,110,110,baseline
187,196050495,1045237,baseline,0,0,0,10,0,-,0,0,274307,274307,0,0,0,110,110,baseline
188,197095732,1052115,baseline,0,0,0,10,0,-,0,0,277983,277983,0,0,0,111,111,baseline
189,198147847,1049372,baseline,0,0,0,10,0,-,0,0,275100,275100,0,0,0,110,110,baseline
190,199197219,1048394,baseline,0,0,0,10,0,-,0,0,283704,283704,0,0,0,110,110,baseline
191,200245613,1048239,baseline,0,0,0,10,0,-,0,0,273037,273037,0,0,0,110,110,baseline
192,201293852,1047487,baseline,0,0,0,10,0,-,0,0,274878,274878,0,0,0,110,110,baseline
193,202341339,1048350,baseline,0,0,0,10,0,-,0,0,274876,274876,0,0,0,111,111,baseline
194,203389689,1048976,baseline,0,0,0,10,0,-,0,0,278323,278323,0,0,0,110,110,baseline
195,204438665,1048128,baseline,0,0,0,10,0,-,0,0,258827,258827,0,0,0,110,110,baseline
196,205486793,1041362,baseline,0,0,0,10,0,-,0,0,271642,271642,0,0,0,110,110,baseline
197,206528155,1049722,baseline,0,0,0,10,0,-,0,0,284998,284998,0,0,0,110,110,baseline
198,207577877,1047909,baseline,0,0,0,10,0,-,0,0,279287,279287,0,0,0,111,111,baseline
199,208625786,1049940,baseline,0,0,0,10,0,-,0,0,253420,253420,0,0,0,110,110,baseline
200,209675726,1047286,baseline,0,0,0,10,0,-,0,0,278393,278393,0,0,0,110,110,baseline
201,210723012,1051312,baseline,0,0,0,10,0,-,0,0,277050,277050,0,0,0,110,110,baseline
202,211774324,1049489,baseline,0,0,0,10,0,-,0,0,278180,278180,0,0,0,110,110,baseline
203,212823813,1047894,baseline,0,0,0,10,0,-,0,0,276904,276904,0,0,0,110,110,baseline
204,213871707,1048295,baseline,0,0,0,10,0,-,0,0,259736,259736,0,0,0,110,110,baseline
205,214920002,1050963,baseline,0,0,0,10,0,-,0,0,251699,251699,0,0,0,110,110,baseline
206,215970965,1044906,baseline,0,0,0,10,0,-,0,0,251074,251074,0,0,0,110,110,baseline
207,217015871,1047427,baseline,0,0,0,10,0,-,0,0,271180,271180,0,0,0,110,110,baseline
208,218063298,1047259,baseline,0,0,0,10,0,-,0,0,266524,266524,0,0,0,110,110,baseline
209,219110557,1046057,baseline,0,0,0,10,0,-,0,0,255674,255674,0,0,0,110,110,baseline
210,220156614,1044679,baseline,0,0,0,10,0,-,0,0,223556,223556,0,0,0,110,110,baseline
211,221201293,1047999,baseline,0,0,0,10,0,-,0,0,250685,250685,0,0,0,110,110,baseline
212,222249292,1048210,baseline,0,0,0,10,0,-,0,0,234631,234631,0,0,0,111,111,baseline
213,223297502,1048685,baseline,0,0,0,10,0,-,0,0,248929,248929,0,0,0,110,110,baseline
214,224346187,1047114,baseline,0,0,0,10,0,-,0,0,244043,244043,0,0,0,110,110,baseline
215,225393301,1048718,baseline,0,0,0,10,0,-,0,0,280238,280238,0,0,0,110,110,baseline
216,226442019,1046400,baseline,0,0,0,10,0,-,0,0,260090,260090,0,0,0,110,110,baseline
217,227488419,1046237,baseline,0,0,0,10,0,-,0,0,239313,239313,0,0,0,91,91,baseline
218,228534656,1049802,baseline,0,0,0,10,0,-,0,0,260936,260936,0,0,0,90,90,baseline
219,229584458,1043218,baseline,0,0,0,10,0,-,0,0,263732,263732,0,0,0,110,110,baseline
220,230627676,1046019,baseline,0,0,0,10,0,-,0,0,260604,260604,0,0,0,111,111,baseline
221,231673695,1047074,baseline,0,0,0,10,0,-,0,0,228802,228802,0,0,0,110,110,baseline
222,232720769,1047311,baseline,0,0,0,10,0,-,0,0,260537,260537,0,0,0,111,111,baseline
223,233768080,1051892,baseline,0,0,0,10,0,-,0,0,266269,266269,0,0,0,110,110,baseline
224,234819972,1047842,baseline,0,0,0,10,0,-,0,0,253980,253980,0,0,0,110,110,baseline
225,235867814,1050750,baseline,0,0,0,10,0,-,0,0,266889,266889,0,0,0,110,110,baseline
226,236918564,1043149,baseline,0,0,0,10,0,-,0,0,264955,264955,0,0,0,110,110,baseline
227,237961713,1046633,baseline,0,0,0,10,0,-,0,0,269034,269034,0,0,0,111,111,baseline
228,239008346,1056407,baseline,0,0,0,10,0,-,0,0,268210,268210,0,0,0,110,110,baseline
229,240064753,1051784,baseline,0,0,0,10,0,-,0,0,263889,263889,0,0,0,110,110,baseline
230,241116537,1055858,baseline,0,0,0,10,0,-,0,0,267402,267402,0,0,0,110,110,baseline
231,242172395,1050579,baseline,0,0,0,10,0,-,0,0,267259,267259,0,0,0,110,110,baseline
232,243222974,1051100,baseline,0,0,0,10,0,-,0,0,256070,256070,0,0,0,110,110,baseline
233,244274074,1052550,baseline,0,0,0,10,0,-,0,0,273519,273519,0,0,0,110,110,baseline
234,245326624,1049103,baseline,0,0,0,10,0,-,0,0,278875,278875,0,0,0,110,110,baseline
235,246375727,1054756,baseline,0,0,0,10,0,-,0,0,275746,275746,0,0,0,110,110,baseline
236,247430483,1048544,baseline,0,0,0,10,0,-,0,0,254459,254459,0,0,0,110,110,baseline
237,248479027,1046582,baseline,0,0,0,10,0,-,0,0,242051,242051,0,0,0,110,110,baseline
238,249525609,1048131,baseline,0,0,0,10,0,-,0,0,252169,252169,0,0,0,110,110,baseline
239,250573740,1047626,baseline,0,0,0,10,0,-,0,0,262561,262561,0,0,0,110,110,baseline
240,251621366,1049944,baseline,0,0,0,10,0,-,0,0,249189,249189,0,0,0,110,110,baseline
241,252671310,1046905,baseline,0,0,0,10,0,-,0,0,260014,260014,0,0,0,110,110,baseline
242,253718215,1053736,baseline,0,0,0,10,0,-,0,0,257439,257439,0,0,0,110,110,baseline
243,254771951,1044928,baseline,0,0,0,10,0,-,0,0,267073,267073,0,0,0,110,110,baseline
244,255816879,1047041,baseline,0,0,0,10,0,-,0,0,234856,234856,0,0,0,111,111,baseline
245,256863920,1048871,baseline,0,0,0,10,0,-,0,0,234809,234809,0,0,0,111,111,baseline
246,257912791,1047837,baseline,0,0,0,10,0,-,0,0,221271,221271,0,0,0,111,111,baseline
247,258960628,1048833,baseline,0,0,0,10,0,-,0,0,264427,264427,0,0,0,111,111,baseline
248,260009461,1049560,baseline,0,0,0,10,0,-,0,0,241777,241777,0,0,0,110,110,baseline
249,261059021,1055955,baseline,0,0,0,10,0,-,0,0,231580,231580,0,0,0,110,110,baseline
250,262114976,1060224,baseline,0,0,0,10,0,-,0,0,166052,166052,0,0,0,110,110,baseline
