recipient_region,recipient_offset,baseline_payload_bytes,selected_payload_bytes,gain_bytes,net_gain_bytes,donor_count,donors,candidate_count,exact_trials
0,0,104950,104950,0,0,0,-,57,57
1,1048219,141368,141368,0,0,0,-,105,105
2,2097908,141326,141326,0,0,0,-,106,106
3,3146668,117778,117778,0,0,0,-,90,90
4,4195514,220464,220464,0,0,0,-,85,85
5,5243475,118039,118039,0,0,0,-,85,85
6,6291800,234328,234328,0,0,0,-,85,85
7,7342355,219880,219880,0,0,0,-,85,85
8,8392535,204242,204242,0,0,0,-,101,101
9,9447260,233598,233598,0,0,0,-,85,85
10,10494038,239783,239783,0,0,0,-,85,85
11,11543054,247227,247227,0,0,0,-,97,97
12,12591020,225788,225788,0,0,0,-,105,105
13,13641602,249750,249750,0,0,0,-,94,94
14,14699215,224772,224772,0,0,0,-,101,101
15,15749490,200639,200639,0,0,0,-,105,105
16,16797859,238689,238689,0,0,0,-,93,93
17,17844648,200526,200526,0,0,0,-,85,85
18,18895671,237242,237242,0,0,0,-,97,97
19,19943395,216181,216181,0,0,0,-,89,89
20,20990874,212815,212815,0,0,0,-,105,105
21,22039791,161711,161711,0,0,0,-,105,105
22,23094528,205229,205229,0,0,0,-,106,106
23,24139211,212237,212237,0,0,0,-,106,106
24,25193445,235734,235734,0,0,0,-,105,105
25,26242226,238714,238714,0,0,0,-,85,85
26,27289725,236524,236524,0,0,0,-,106,106
27,28339390,219152,219152,0,0,0,-,105,105
28,29382763,208873,208873,0,0,0,-,105,105
29,30430735,271886,271886,0,0,0,-,85,85
30,31484883,272763,272763,0,0,0,-,85,85
31,32531029,279974,279974,0,0,0,-,85,85
32,33581405,256917,256917,0,0,0,-,106,106
33,34637194,242102,242102,0,0,0,-,105,105
34,35682590,232385,232385,0,0,0,-,85,85
35,36735523,235899,235899,0,0,0,-,105,105
36,37785676,264565,264565,0,0,0,-,85,85
37,38839404,252289,252289,0,0,0,-,93,93
38,39887096,211572,211572,0,0,0,-,105,105
39,40937191,237977,237977,0,0,0,-,85,85
40,41986401,245177,245177,0,0,0,-,97,97
41,43034573,218896,218896,0,0,0,-,101,101
42,44082319,178889,178889,0,0,0,-,105,105
43,45130116,219179,219179,0,0,0,-,105,105
44,46176335,250012,250012,0,0,0,-,85,85
45,47228198,271667,271667,0,0,0,-,85,85
46,48276807,277392,277392,0,0,0,-,85,85
47,49326598,265659,265659,0,0,0,-,85,85
48,50375116,282886,282886,0,0,0,-,86,86
49,51429545,263426,263426,0,0,0,-,86,86
50,52478164,246769,246769,0,0,0,-,85,85
51,53526828,283095,283095,0,0,0,-,85,85
52,54574659,267663,267663,0,0,0,-,85,85
53,55623067,233735,233735,0,0,0,-,97,97
54,56673889,267396,267396,0,0,0,-,97,97
55,57723048,265633,265633,0,0,0,-,97,97
56,58772244,252710,252710,0,0,0,-,85,85
57,59816997,262436,262436,0,0,0,-,105,105
58,60864583,278646,278646,0,0,0,-,85,85
59,61910108,261519,261519,0,0,0,-,93,93
60,62961887,243390,243390,0,0,0,-,85,85
61,64013943,280501,280501,0,0,0,-,93,93
62,65063939,205050,205050,0,0,0,-,98,98
63,66113270,251822,251822,0,0,0,-,102,102
64,67162195,261718,261718,0,0,0,-,105,105
65,68210996,223543,223543,0,0,0,-,105,105
66,69260290,200507,200507,0,0,0,-,105,105
67,70308921,272064,272064,0,0,0,-,105,105
68,71359090,257553,257553,0,0,0,-,106,106
69,72413180,254791,254791,0,0,0,-,85,85
70,73462010,255713,255713,0,0,0,-,105,105
71,74505116,281915,281915,0,0,0,-,105,105
72,75550861,272827,272827,0,0,0,-,106,106
73,76600145,263613,263613,0,0,0,-,101,101
74,77649549,269741,269741,0,0,0,-,97,97
75,78698950,240669,240669,0,0,0,-,105,105
76,79749109,254380,254380,0,0,0,-,105,105
77,80797080,240509,240509,0,0,0,-,105,105
78,81846058,227177,227177,0,0,0,-,106,106
79,82895685,189314,189314,0,0,0,-,105,105
80,83944520,244596,244596,0,0,0,-,105,105
81,84989531,259768,259768,0,0,0,-,105,105
82,86038265,244052,244052,0,0,0,-,105,105
83,87087641,240462,240462,0,0,0,-,105,105
84,88136600,189821,189821,0,0,0,-,105,105
85,89184861,196765,196765,0,0,0,-,106,106
86,90235200,194856,194856,0,0,0,-,105,105
87,91284118,199134,199134,0,0,0,-,85,85
88,92334574,198975,198975,0,0,0,-,85,85
89,93379564,206231,206231,0,0,0,-,105,105
90,94428006,238649,238649,0,0,0,-,105,105
91,95475522,225853,225853,0,0,0,-,105,105
92,96523305,257793,257793,0,0,0,-,105,105
93,97572014,277777,277777,0,0,0,-,105,105
94,98619736,271617,271617,0,0,0,-,105,105
95,99667131,259824,259824,0,0,0,-,106,106
96,100715632,263197,263197,0,0,0,-,105,105
97,101762496,251987,251987,0,0,0,-,105,105
98,102809583,264530,264530,0,0,0,-,105,105
0,0,104950,104950,0,0,0,-,8,8
1,1048219,141368,141368,0,0,0,-,8,8
2,2097908,141326,141326,0,0,0,-,8,8
3,3146668,117778,117778,0,0,0,-,8,8
4,4195514,220464,220464,0,0,0,-,8,8
5,5243475,118039,118039,0,0,0,-,8,8
6,6291800,234328,234328,0,0,0,-,8,8
7,7342355,219880,219880,0,0,0,-,8,8
8,8392535,204242,204242,0,0,0,-,8,8
9,9447260,233598,233598,0,0,0,-,8,8
10,10494038,239783,239783,0,0,0,-,8,8
11,11543054,247227,247227,0,0,0,-,8,8
12,12591020,225788,225788,0,0,0,-,8,8
13,13641602,249750,249750,0,0,0,-,8,8
14,14699215,224772,224772,0,0,0,-,8,8
15,15749490,200639,200639,0,0,0,-,8,8
16,16797859,238689,238689,0,0,0,-,8,8
17,17844648,200526,200526,0,0,0,-,8,8
18,18895671,237242,237242,0,0,0,-,8,8
19,19943395,216181,216181,0,0,0,-,8,8
20,20990874,212815,212815,0,0,0,-,8,8
21,22039791,161711,161711,0,0,0,-,8,8
22,23094528,205229,205229,0,0,0,-,8,8
23,24139211,212237,212237,0,0,0,-,8,8
24,25193445,235734,235734,0,0,0,-,8,8
25,26242226,238714,238714,0,0,0,-,8,8
26,27289725,236524,236524,0,0,0,-,8,8
27,28339390,219152,219152,0,0,0,-,8,8
28,29382763,208873,208873,0,0,0,-,8,8
29,30430735,271886,271886,0,0,0,-,8,8
30,31484883,272763,272763,0,0,0,-,8,8
31,32531029,279974,279974,0,0,0,-,8,8
32,33581405,256917,256917,0,0,0,-,8,8
33,34637194,242102,242102,0,0,0,-,8,8
34,35682590,232385,232385,0,0,0,-,8,8
35,36735523,235899,235899,0,0,0,-,8,8
36,37785676,264565,264565,0,0,0,-,8,8
37,38839404,252289,252289,0,0,0,-,8,8
38,39887096,211572,211572,0,0,0,-,8,8
39,40937191,237977,237977,0,0,0,-,8,8
40,41986401,245177,245177,0,0,0,-,8,8
41,43034573,218896,218896,0,0,0,-,8,8
42,44082319,178889,178889,0,0,0,-,8,8
43,45130116,219179,219179,0,0,0,-,8,8
44,46176335,250012,250012,0,0,0,-,8,8
45,47228198,271667,271667,0,0,0,-,8,8
46,48276807,277392,277392,0,0,0,-,8,8
47,49326598,265659,265659,0,0,0,-,8,8
48,50375116,282886,282886,0,0,0,-,8,8
49,51429545,263426,263426,0,0,0,-,8,8
50,52478164,246769,246769,0,0,0,-,8,8
51,53526828,283095,283095,0,0,0,-,8,8
52,54574659,267663,267663,0,0,0,-,8,8
53,55623067,233735,233735,0,0,0,-,8,8
54,56673889,267396,267396,0,0,0,-,8,8
55,57723048,265633,265633,0,0,0,-,8,8
56,58772244,252710,252710,0,0,0,-,8,8
57,59816997,262436,262436,0,0,0,-,8,8
58,60864583,278646,278646,0,0,0,-,8,8
59,61910108,261519,261519,0,0,0,-,8,8
60,62961887,243390,243390,0,0,0,-,8,8
61,64013943,280501,280501,0,0,0,-,8,8
62,65063939,205050,205050,0,0,0,-,8,8
63,66113270,251822,251822,0,0,0,-,8,8
64,67162195,261718,261718,0,0,0,-,8,8
65,68210996,223543,223543,0,0,0,-,8,8
66,69260290,200507,200507,0,0,0,-,8,8
67,70308921,272064,272064,0,0,0,-,8,8
68,71359090,257553,257553,0,0,0,-,8,8
69,72413180,254791,254791,0,0,0,-,8,8
70,73462010,255713,255713,0,0,0,-,8,8
71,74505116,281915,281915,0,0,0,-,8,8
72,75550861,272827,272827,0,0,0,-,8,8
73,76600145,263613,263613,0,0,0,-,8,8
74,77649549,269741,269741,0,0,0,-,8,8
75,78698950,240669,240669,0,0,0,-,8,8
76,79749109,254380,254380,0,0,0,-,8,8
77,80797080,240509,240509,0,0,0,-,8,8
78,81846058,227177,227177,0,0,0,-,8,8
79,82895685,189314,189314,0,0,0,-,8,8
80,83944520,244596,244596,0,0,0,-,8,8
81,84989531,259768,259768,0,0,0,-,8,8
82,86038265,244052,244052,0,0,0,-,8,8
83,87087641,240462,240462,0,0,0,-,8,8
84,88136600,189821,189821,0,0,0,-,8,8
85,89184861,196765,196765,0,0,0,-,8,8
86,90235200,194856,194856,0,0,0,-,8,8
87,91284118,199134,199134,0,0,0,-,8,8
88,92334574,198975,198975,0,0,0,-,8,8
89,93379564,206231,206231,0,0,0,-,8,8
90,94428006,238649,238649,0,0,0,-,8,8
91,95475522,225853,225853,0,0,0,-,8,8
92,96523305,257793,257793,0,0,0,-,8,8
93,97572014,277777,277777,0,0,0,-,8,8
94,98619736,271617,271617,0,0,0,-,8,8
95,99667131,259824,259824,0,0,0,-,8,8
96,100715632,263197,263197,0,0,0,-,8,8
97,101762496,251987,251987,0,0,0,-,8,8
98,102809583,264530,264530,0,0,0,-,8,8
99,103862041,251345,251345,0,0,0,-,110,110
100,104910507,259523,259523,0,0,0,-,94,94
101,105963052,272180,272180,0,0,0,-,110,110
102,107006226,274677,274677,0,0,0,-,110,110
103,108054113,261190,261190,0,0,0,-,111,111
104,109109158,252266,252266,0,0,0,-,110,110
105,110158158,264911,264911,0,0,0,-,110,110
106,111208082,246926,246926,0,0,0,-,110,110
107,112256143,252245,252245,0,0,0,-,110,110
108,113303579,256587,256587,0,0,0,-,111,111
109,114355709,249806,249806,0,0,0,-,110,110
110,115398305,256985,256985,0,0,0,-,110,110
111,116446163,248795,248795,0,0,0,-,111,111
112,117490417,272741,272741,0,0,0,-,110,110
113,118538560,270774,270774,0,0,0,-,110,110
114,119579954,273022,273022,0,0,0,-,110,110
115,120628164,239329,239329,0,0,0,-,111,111
116,121676009,261875,261875,0,0,0,-,110,110
117,122724346,254293,254293,0,0,0,-,110,110
118,123764192,211733,211733,0,0,0,-,110,110
119,124811593,225762,225762,0,0,0,-,110,110
120,125859662,255270,255270,0,0,0,-,110,110
121,126906949,228297,228297,0,0,0,-,110,110
122,127956076,247288,247288,0,0,0,-,110,110
123,129000537,253764,253764,0,0,0,-,110,110
124,130043474,259602,259602,0,0,0,-,110,110
125,131096039,270958,270958,0,0,0,-,110,110
126,132143389,246709,246709,0,0,0,-,110,110
127,133196198,247976,247976,0,0,0,-,110,110
128,134244257,242566,242566,0,0,0,-,110,110
129,135298059,231967,231967,0,0,0,-,110,110
130,136352001,261550,261550,0,0,0,-,111,111
131,137402288,254258,254258,0,0,0,-,110,110
132,138449376,244252,244252,0,0,0,-,110,110
133,139489128,257235,257235,0,0,0,-,110,110
134,140539767,260181,260181,0,0,0,-,110,110
135,141588001,257079,257079,0,0,0,-,110,110
136,142635942,258044,258044,0,0,0,-,110,110
137,143684625,241143,241143,0,0,0,-,111,111
138,144744469,239515,239515,0,0,0,-,111,111
139,145792326,244381,244381,0,0,0,-,110,110
140,146842039,250303,250303,0,0,0,-,110,110
141,147886989,262370,262370,0,0,0,-,110,110
142,148933922,252130,252130,0,0,0,-,110,110
143,149985050,245067,245067,0,0,0,-,110,110
144,151029951,189586,189586,0,0,0,-,111,111
145,152070567,246983,246983,0,0,0,-,110,110
146,153118709,247502,247502,0,0,0,-,110,110
147,154165650,243168,243168,0,0,0,-,110,110
148,155214816,237047,237047,0,0,0,-,110,110
149,156263394,224784,224784,0,0,0,-,111,111
150,157314043,192759,192759,0,0,0,-,111,111
151,158360441,200318,200318,0,0,0,-,111,111
152,159408987,183727,183727,0,0,0,-,110,110
153,160457190,194563,194563,0,0,0,-,111,111
154,161506633,192011,192011,0,0,0,-,110,110
155,162553906,196292,196292,0,0,0,-,111,111
156,163601184,165150,165150,0,0,0,-,111,111
157,164645993,210860,210860,0,0,0,-,110,110
158,165692357,226820,226820,0,0,0,-,110,110
159,166741011,202798,202798,0,0,0,-,110,110
160,167792650,225917,225917,0,0,0,-,111,111
161,168838837,244977,244977,0,0,0,-,110,110
162,169882712,241573,241573,0,0,0,-,110,110
163,170930787,257324,257324,0,0,0,-,110,110
164,171975646,231080,231080,0,0,0,-,110,110
165,173025176,265420,265420,0,0,0,-,110,110
166,174073824,243547,243547,0,0,0,-,110,110
167,175111296,237385,237385,0,0,0,-,110,110
168,176163948,249435,249435,0,0,0,-,110,110
169,177194672,242546,242546,0,0,0,-,111,111
170,178243750,247147,247147,0,0,0,-,111,111
171,179295928,203766,203766,0,0,0,-,110,110
172,180343252,230085,230085,0,0,0,-,110,110
173,181386073,242091,242091,0,0,0,-,110,110
174,182438310,202325,202325,0,0,0,-,111,111
175,183486730,238800,238800,0,0,0,-,111,111
176,184532789,248310,248310,0,0,0,-,110,110
177,185575336,238533,238533,0,0,0,-,111,111
178,186621099,255943,255943,0,0,0,-,111,111
179,187670326,221622,221622,0,0,0,-,111,111
180,188710030,246342,246342,0,0,0,-,111,111
181,189758380,245466,245466,0,0,0,-,111,111
182,190806814,275420,275420,0,0,0,-,110,110
183,191852700,220294,220294,0,0,0,-,110,110
184,192900101,227979,227979,0,0,0,-,110,110
185,193947734,256245,256245,0,0,0,-,110,110
186,194999546,224907,224907,0,0,0,-,110,110
187,196050495,274307,274307,0,0,0,-,110,110
188,197095732,277983,277983,0,0,0,-,111,111
189,198147847,275100,275100,0,0,0,-,110,110
190,199197219,283704,283704,0,0,0,-,110,110
191,200245613,273037,273037,0,0,0,-,110,110
192,201293852,274878,274878,0,0,0,-,110,110
193,202341339,274876,274876,0,0,0,-,111,111
194,203389689,278323,278323,0,0,0,-,110,110
195,204438665,258827,258827,0,0,0,-,110,110
196,205486793,271642,271642,0,0,0,-,110,110
197,206528155,284998,284998,0,0,0,-,110,110
198,207577877,279287,279287,0,0,0,-,111,111
199,208625786,253420,253420,0,0,0,-,110,110
200,209675726,278393,278393,0,0,0,-,110,110
201,210723012,277050,277050,0,0,0,-,110,110
202,211774324,278180,278180,0,0,0,-,110,110
203,212823813,276904,276904,0,0,0,-,110,110
204,213871707,259736,259736,0,0,0,-,110,110
205,214920002,251699,251699,0,0,0,-,110,110
206,215970965,251074,251074,0,0,0,-,110,110
207,217015871,271180,271180,0,0,0,-,110,110
208,218063298,266524,266524,0,0,0,-,110,110
209,219110557,255674,255674,0,0,0,-,110,110
210,220156614,223556,223556,0,0,0,-,110,110
211,221201293,250685,250685,0,0,0,-,110,110
212,222249292,234631,234631,0,0,0,-,111,111
213,223297502,248929,248929,0,0,0,-,110,110
214,224346187,244043,244043,0,0,0,-,110,110
215,225393301,280238,280238,0,0,0,-,110,110
216,226442019,260090,260090,0,0,0,-,110,110
217,227488419,239313,239313,0,0,0,-,91,91
218,228534656,260936,260936,0,0,0,-,90,90
219,229584458,263732,263732,0,0,0,-,110,110
220,230627676,260604,260604,0,0,0,-,111,111
221,231673695,228802,228802,0,0,0,-,110,110
222,232720769,260537,260537,0,0,0,-,111,111
223,233768080,266269,266269,0,0,0,-,110,110
224,234819972,253980,253980,0,0,0,-,110,110
225,235867814,266889,266889,0,0,0,-,110,110
226,236918564,264955,264955,0,0,0,-,110,110
227,237961713,269034,269034,0,0,0,-,111,111
228,239008346,268210,268210,0,0,0,-,110,110
229,240064753,263889,263889,0,0,0,-,110,110
230,241116537,267402,267402,0,0,0,-,110,110
231,242172395,267259,267259,0,0,0,-,110,110
232,243222974,256070,256070,0,0,0,-,110,110
233,244274074,273519,273519,0,0,0,-,110,110
234,245326624,278875,278875,0,0,0,-,110,110
235,246375727,275746,275746,0,0,0,-,110,110
236,247430483,254459,254459,0,0,0,-,110,110
237,248479027,242051,242051,0,0,0,-,110,110
238,249525609,252169,252169,0,0,0,-,110,110
239,250573740,262561,262561,0,0,0,-,110,110
240,251621366,249189,249189,0,0,0,-,110,110
241,252671310,260014,260014,0,0,0,-,110,110
242,253718215,257439,257439,0,0,0,-,110,110
243,254771951,267073,267073,0,0,0,-,110,110
244,255816879,234856,234856,0,0,0,-,111,111
245,256863920,234809,234809,0,0,0,-,111,111
246,257912791,221271,221271,0,0,0,-,111,111
247,258960628,264427,264427,0,0,0,-,111,111
248,260009461,241777,241777,0,0,0,-,110,110
249,261059021,231580,231580,0,0,0,-,110,110
250,262114976,166052,166052,0,0,0,-,110,110
