offset,length,experts,stream_class,profile,residual_gain,pack_id,status
6405,11294,oracle+mini_cmix+donor_profile,list,0,0.25,112058,oracle_only
17702,15288,oracle+mini_cmix+donor_profile,list,0,0.25,112059,oracle_only
32993,4574,oracle+mini_cmix+donor_profile,list,0,0.25,112060,oracle_only
37570,2859,oracle+mini_cmix+donor_profile,list,0,0.25,112061,oracle_only
40432,658,oracle+mini_cmix+donor_profile,list,0,0.25,112062,oracle_only
41093,1742,oracle+mini_cmix+donor_profile,url,0,0.25,112063,oracle_only
42838,1573,oracle+mini_cmix+donor_profile,url,0,0.25,112064,oracle_only
44414,1034,oracle+mini_cmix+donor_profile,url,0,0.25,112065,oracle_only
45451,665,oracle+mini_cmix+donor_profile,list,0,0.25,112066,oracle_only
46119,2456,oracle+mini_cmix+donor_profile,prose,0,0.25,112067,oracle_only
48578,1816,oracle+mini_cmix+donor_profile,list,0,0.25,112068,oracle_only
50397,2347,oracle+mini_cmix+donor_profile,url,0,0.25,112069,oracle_only
52747,3022,oracle+mini_cmix+donor_profile,url,0,0.25,112070,oracle_only
55772,942,oracle+mini_cmix+donor_profile,url,0,0.25,112071,oracle_only
56717,1632,oracle+mini_cmix+donor_profile,url,0,0.25,112072,oracle_only
58352,3247,oracle+mini_cmix+donor_profile,prose,0,0.25,112073,oracle_only
61602,2801,oracle+mini_cmix+donor_profile,list,0,0.25,112074,oracle_only
64406,2783,oracle+mini_cmix+donor_profile,url,0,0.25,112075,oracle_only
67192,2628,oracle+mini_cmix+donor_profile,prose,0,0.25,112076,oracle_only
69823,1726,oracle+mini_cmix+donor_profile,url,0,0.25,112077,oracle_only
71552,1463,oracle+mini_cmix+donor_profile,url,0,0.25,112078,oracle_only
73018,1788,oracle+mini_cmix+donor_profile,url,0,0.25,112079,oracle_only
74809,1316,oracle+mini_cmix+donor_profile,url,0,0.25,112080,oracle_only
76128,998,oracle+mini_cmix+donor_profile,url,0,0.25,112081,oracle_only
77129,1187,oracle+mini_cmix+donor_profile,list,0,0.25,112082,oracle_only
78319,516,oracle+mini_cmix+donor_profile,list,0,0.25,112083,oracle_only
78838,725,oracle+mini_cmix+donor_profile,url,0,0.25,112084,oracle_only
79566,450,oracle+mini_cmix+donor_profile,list,0,0.25,112085,oracle_only
80019,561,oracle+mini_cmix+donor_profile,list,0,0.25,112086,oracle_only
80583,464,oracle+mini_cmix+donor_profile,list,0,0.25,112087,oracle_only
81050,461,oracle+mini_cmix+donor_profile,list,0,0.25,112088,oracle_only
81514,515,oracle+mini_cmix+donor_profile,list,0,0.25,112089,oracle_only
82032,236,oracle+mini_cmix+donor_profile,xml,0,0.25,112090,oracle_only
82271,459,oracle+mini_cmix+donor_profile,list,0,0.25,112091,oracle_only
82733,483,oracle+mini_cmix+donor_profile,list,0,0.25,112092,oracle_only
83219,1202,oracle+mini_cmix+donor_profile,url,0,0.25,112093,oracle_only
84424,663,oracle+mini_cmix+donor_profile,url,0,0.25,112094,oracle_only
85090,875,oracle+mini_cmix+donor_profile,url,0,0.25,112095,oracle_only
85968,772,oracle+mini_cmix+donor_profile,url,0,0.25,112096,oracle_only
86743,692,oracle+mini_cmix+donor_profile,url,0,0.25,112097,oracle_only
87438,699,oracle+mini_cmix+donor_profile,url,0,0.25,112098,oracle_only
88140,626,oracle+mini_cmix+donor_profile,xml,0,0.25,112099,oracle_only
88769,1272,oracle+mini_cmix+donor_profile,url,0,0.25,112100,oracle_only
90044,898,oracle+mini_cmix+donor_profile,url,0,0.25,112101,oracle_only
90945,796,oracle+mini_cmix+donor_profile,url,0,0.25,112102,oracle_only
91744,1938,oracle+mini_cmix+donor_profile,url,0,0.25,112103,oracle_only
93685,2641,oracle+mini_cmix+donor_profile,url,0,0.25,112104,oracle_only
96329,511,oracle+mini_cmix+donor_profile,list,0,0.25,112105,oracle_only
96843,477,oracle+mini_cmix+donor_profile,list,0,0.25,112106,oracle_only
97323,802,oracle+mini_cmix+donor_profile,url,0,0.25,112107,oracle_only
98128,471,oracle+mini_cmix+donor_profile,list,0,0.25,112108,oracle_only
98602,515,oracle+mini_cmix+donor_profile,list,0,0.25,112109,oracle_only
99120,688,oracle+mini_cmix+donor_profile,url,0,0.25,112110,oracle_only
99811,466,oracle+mini_cmix+donor_profile,list,0,0.25,112111,oracle_only
100280,689,oracle+mini_cmix+donor_profile,url,0,0.25,112112,oracle_only
100972,481,oracle+mini_cmix+donor_profile,list,0,0.25,112113,oracle_only
101456,823,oracle+mini_cmix+donor_profile,list,0,0.25,112114,oracle_only
102282,693,oracle+mini_cmix+donor_profile,url,0,0.25,112115,oracle_only
102978,471,oracle+mini_cmix+donor_profile,list,0,0.25,112116,oracle_only
103452,479,oracle+mini_cmix+donor_profile,list,0,0.25,112117,oracle_only
103934,614,oracle+mini_cmix+donor_profile,xml,0,0.25,112118,oracle_only
104551,637,oracle+mini_cmix+donor_profile,xml,0,0.25,112119,oracle_only
105191,494,oracle+mini_cmix+donor_profile,list,0,0.25,112120,oracle_only
105688,472,oracle+mini_cmix+donor_profile,list,0,0.25,112121,oracle_only
106163,479,oracle+mini_cmix+donor_profile,list,0,0.25,112122,oracle_only
106645,469,oracle+mini_cmix+donor_profile,list,0,0.25,112123,oracle_only
107117,490,oracle+mini_cmix+donor_profile,list,0,0.25,112124,oracle_only
107610,737,oracle+mini_cmix+donor_profile,url,0,0.25,112125,oracle_only
108350,474,oracle+mini_cmix+donor_profile,list,0,0.25,112126,oracle_only
108827,478,oracle+mini_cmix+donor_profile,list,0,0.25,112127,oracle_only
109308,829,oracle+mini_cmix+donor_profile,url,0,0.25,112128,oracle_only
110140,431,oracle+mini_cmix+donor_profile,list,0,0.25,112129,oracle_only
110574,448,oracle+mini_cmix+donor_profile,list,0,0.25,112130,oracle_only
111025,466,oracle+mini_cmix+donor_profile,list,0,0.25,112131,oracle_only
111494,473,oracle+mini_cmix+donor_profile,list,0,0.25,112132,oracle_only
111970,632,oracle+mini_cmix+donor_profile,list,0,0.25,112133,oracle_only
112605,443,oracle+mini_cmix+donor_profile,list,0,0.25,112134,oracle_only
113051,472,oracle+mini_cmix+donor_profile,list,0,0.25,112135,oracle_only
113526,489,oracle+mini_cmix+donor_profile,list,0,0.25,112136,oracle_only
114018,545,oracle+mini_cmix+donor_profile,list,0,0.25,112137,oracle_only
114566,471,oracle+mini_cmix+donor_profile,list,0,0.25,112138,oracle_only
115040,738,oracle+mini_cmix+donor_profile,url,0,0.25,112139,oracle_only
115781,474,oracle+mini_cmix+donor_profile,list,0,0.25,112140,oracle_only
116258,480,oracle+mini_cmix+donor_profile,list,0,0.25,112141,oracle_only
116741,474,oracle+mini_cmix+donor_profile,list,0,0.25,112142,oracle_only
117218,479,oracle+mini_cmix+donor_profile,list,0,0.25,112143,oracle_only
117700,467,oracle+mini_cmix+donor_profile,list,0,0.25,112144,oracle_only
118170,721,oracle+mini_cmix+donor_profile,url,0,0.25,112145,oracle_only
118894,481,oracle+mini_cmix+donor_profile,list,0,0.25,112146,oracle_only
119378,475,oracle+mini_cmix+donor_profile,list,0,0.25,112147,oracle_only
119856,639,oracle+mini_cmix+donor_profile,xml,0,0.25,112148,oracle_only
120498,727,oracle+mini_cmix+donor_profile,url,0,0.25,112149,oracle_only
121228,519,oracle+mini_cmix+donor_profile,list,0,0.25,112150,oracle_only
121750,1013,oracle+mini_cmix+donor_profile,url,0,0.25,112151,oracle_only
122766,712,oracle+mini_cmix+donor_profile,url,0,0.25,112152,oracle_only
123481,481,oracle+mini_cmix+donor_profile,list,0,0.25,112153,oracle_only
123965,850,oracle+mini_cmix+donor_profile,list,0,0.25,112154,oracle_only
124818,664,oracle+mini_cmix+donor_profile,url,0,0.25,112155,oracle_only
125485,466,oracle+mini_cmix+donor_profile,list,0,0.25,112156,oracle_only
125954,666,oracle+mini_cmix+donor_profile,url,0,0.25,112157,oracle_only
126623,607,oracle+mini_cmix+donor_profile,xml,0,0.25,112158,oracle_only
127233,470,oracle+mini_cmix+donor_profile,list,0,0.25,112159,oracle_only
127706,642,oracle+mini_cmix+donor_profile,url,0,0.25,112160,oracle_only
128351,471,oracle+mini_cmix+donor_profile,list,0,0.25,112161,oracle_only
128825,736,oracle+mini_cmix+donor_profile,url,0,0.25,112162,oracle_only
129564,473,oracle+mini_cmix+donor_profile,list,0,0.25,112163,oracle_only
130040,632,oracle+mini_cmix+donor_profile,xml,0,0.25,112164,oracle_only
130675,474,oracle+mini_cmix+donor_profile,list,0,0.25,112165,oracle_only
131152,661,oracle+mini_cmix+donor_profile,url,0,0.25,112166,oracle_only
131816,821,oracle+mini_cmix+donor_profile,xml,0,0.25,112167,oracle_only
132640,464,oracle+mini_cmix+donor_profile,list,0,0.25,112168,oracle_only
133107,464,oracle+mini_cmix+donor_profile,list,0,0.25,112169,oracle_only
133574,683,oracle+mini_cmix+donor_profile,url,0,0.25,112170,oracle_only
134260,464,oracle+mini_cmix+donor_profile,list,0,0.25,112171,oracle_only
134727,677,oracle+mini_cmix+donor_profile,url,0,0.25,112172,oracle_only
135407,684,oracle+mini_cmix+donor_profile,url,0,0.25,112173,oracle_only
136094,656,oracle+mini_cmix+donor_profile,url,0,0.25,112174,oracle_only
136753,474,oracle+mini_cmix+donor_profile,list,0,0.25,112175,oracle_only
137230,712,oracle+mini_cmix+donor_profile,url,0,0.25,112176,oracle_only
137945,635,oracle+mini_cmix+donor_profile,url,0,0.25,112177,oracle_only
138583,444,oracle+mini_cmix+donor_profile,list,0,0.25,112178,oracle_only
139030,454,oracle+mini_cmix+donor_profile,list,0,0.25,112179,oracle_only
139487,939,oracle+mini_cmix+donor_profile,list,0,0.25,112180,oracle_only
140429,1065,oracle+mini_cmix+donor_profile,url,0,0.25,112181,oracle_only
141497,506,oracle+mini_cmix+donor_profile,list,0,0.25,112182,oracle_only
142006,442,oracle+mini_cmix+donor_profile,list,0,0.25,112183,oracle_only
142451,444,oracle+mini_cmix+donor_profile,list,0,0.25,112184,oracle_only
142898,720,oracle+mini_cmix+donor_profile,url,0,0.25,112185,oracle_only
143621,1241,oracle+mini_cmix+donor_profile,list,0,0.25,112186,oracle_only
144865,454,oracle+mini_cmix+donor_profile,list,0,0.25,112187,oracle_only
145322,677,oracle+mini_cmix+donor_profile,url,0,0.25,112188,oracle_only
146002,565,oracle+mini_cmix+donor_profile,list,0,0.25,112189,oracle_only
146570,625,oracle+mini_cmix+donor_profile,xml,0,0.25,112190,oracle_only
147198,418,oracle+mini_cmix+donor_profile,list,0,0.25,112191,oracle_only
147619,417,oracle+mini_cmix+donor_profile,list,0,0.25,112192,oracle_only
148039,533,oracle+mini_cmix+donor_profile,list,0,0.25,112193,oracle_only
148575,556,oracle+mini_cmix+donor_profile,list,0,0.25,112194,oracle_only
149134,673,oracle+mini_cmix+donor_profile,url,0,0.25,112195,oracle_only
149810,448,oracle+mini_cmix+donor_profile,list,0,0.25,112196,oracle_only
150261,1683,oracle+mini_cmix+donor_profile,xml,0,0.25,112197,oracle_only
151947,242,oracle+mini_cmix+donor_profile,xml,0,0.25,112198,oracle_only
152192,467,oracle+mini_cmix+donor_profile,list,0,0.25,112199,oracle_only
152662,479,oracle+mini_cmix+donor_profile,list,0,0.25,112200,oracle_only
153144,514,oracle+mini_cmix+donor_profile,list,0,0.25,112201,oracle_only
153661,447,oracle+mini_cmix+donor_profile,list,0,0.25,112202,oracle_only
154111,480,oracle+mini_cmix+donor_profile,list,0,0.25,112203,oracle_only
154594,475,oracle+mini_cmix+donor_profile,list,0,0.25,112204,oracle_only
155072,465,oracle+mini_cmix+donor_profile,list,0,0.25,112205,oracle_only
155540,468,oracle+mini_cmix+donor_profile,list,0,0.25,112206,oracle_only
156011,482,oracle+mini_cmix+donor_profile,list,0,0.25,112207,oracle_only
156496,465,oracle+mini_cmix+donor_profile,list,0,0.25,112208,oracle_only
156964,464,oracle+mini_cmix+donor_profile,list,0,0.25,112209,oracle_only
157431,473,oracle+mini_cmix+donor_profile,list,0,0.25,112210,oracle_only
157907,464,oracle+mini_cmix+donor_profile,list,0,0.25,112211,oracle_only
158374,544,oracle+mini_cmix+donor_profile,list,0,0.25,112212,oracle_only
158921,478,oracle+mini_cmix+donor_profile,list,0,0.25,112213,oracle_only
159402,474,oracle+mini_cmix+donor_profile,list,0,0.25,112214,oracle_only
159879,473,oracle+mini_cmix+donor_profile,list,0,0.25,112215,oracle_only
160355,472,oracle+mini_cmix+donor_profile,list,0,0.25,112216,oracle_only
160830,457,oracle+mini_cmix+donor_profile,list,0,0.25,112217,oracle_only
161290,470,oracle+mini_cmix+donor_profile,list,0,0.25,112218,oracle_only
161763,473,oracle+mini_cmix+donor_profile,list,0,0.25,112219,oracle_only
162239,466,oracle+mini_cmix+donor_profile,list,0,0.25,112220,oracle_only
162708,476,oracle+mini_cmix+donor_profile,list,0,0.25,112221,oracle_only
163187,481,oracle+mini_cmix+donor_profile,list,0,0.25,112222,oracle_only
163671,704,oracle+mini_cmix+donor_profile,url,0,0.25,112223,oracle_only
164378,577,oracle+mini_cmix+donor_profile,list,0,0.25,112224,oracle_only
164958,466,oracle+mini_cmix+donor_profile,list,0,0.25,112225,oracle_only
165427,479,oracle+mini_cmix+donor_profile,list,0,0.25,112226,oracle_only
165909,471,oracle+mini_cmix+donor_profile,list,0,0.25,112227,oracle_only
166383,614,oracle+mini_cmix+donor_profile,xml,0,0.25,112228,oracle_only
167000,474,oracle+mini_cmix+donor_profile,list,0,0.25,112229,oracle_only
167477,485,oracle+mini_cmix+donor_profile,list,0,0.25,112230,oracle_only
167965,475,oracle+mini_cmix+donor_profile,list,0,0.25,112231,oracle_only
168443,479,oracle+mini_cmix+donor_profile,list,0,0.25,112232,oracle_only
168925,471,oracle+mini_cmix+donor_profile,list,0,0.25,112233,oracle_only
169399,584,oracle+mini_cmix+donor_profile,list,0,0.25,112234,oracle_only
169986,486,oracle+mini_cmix+donor_profile,list,0,0.25,112235,oracle_only
170475,499,oracle+mini_cmix+donor_profile,list,0,0.25,112236,oracle_only
170977,479,oracle+mini_cmix+donor_profile,list,0,0.25,112237,oracle_only
171459,477,oracle+mini_cmix+donor_profile,list,0,0.25,112238,oracle_only
171939,473,oracle+mini_cmix+donor_profile,list,0,0.25,112239,oracle_only
172415,483,oracle+mini_cmix+donor_profile,list,0,0.25,112240,oracle_only
172901,628,oracle+mini_cmix+donor_profile,list,0,0.25,112241,oracle_only
173532,472,oracle+mini_cmix+donor_profile,list,0,0.25,112242,oracle_only
174007,482,oracle+mini_cmix+donor_profile,list,0,0.25,112243,oracle_only
174492,480,oracle+mini_cmix+donor_profile,list,0,0.25,112244,oracle_only
174975,484,oracle+mini_cmix+donor_profile,list,0,0.25,112245,oracle_only
175462,709,oracle+mini_cmix+donor_profile,list,0,0.25,112246,oracle_only
176174,474,oracle+mini_cmix+donor_profile,list,0,0.25,112247,oracle_only
176651,485,oracle+mini_cmix+donor_profile,list,0,0.25,112248,oracle_only
177139,474,oracle+mini_cmix+donor_profile,list,0,0.25,112249,oracle_only
177616,475,oracle+mini_cmix+donor_profile,list,0,0.25,112250,oracle_only
178094,451,oracle+mini_cmix+donor_profile,list,0,0.25,112251,oracle_only
178548,467,oracle+mini_cmix+donor_profile,list,0,0.25,112252,oracle_only
179018,476,oracle+mini_cmix+donor_profile,list,0,0.25,112253,oracle_only
179497,483,oracle+mini_cmix+donor_profile,list,0,0.25,112254,oracle_only
179983,600,oracle+mini_cmix+donor_profile,list,0,0.25,112255,oracle_only
180586,455,oracle+mini_cmix+donor_profile,list,0,0.25,112256,oracle_only
181044,455,oracle+mini_cmix+donor_profile,list,0,0.25,112257,oracle_only
181502,468,oracle+mini_cmix+donor_profile,list,0,0.25,112258,oracle_only
181973,462,oracle+mini_cmix+donor_profile,list,0,0.25,112259,oracle_only
182438,464,oracle+mini_cmix+donor_profile,list,0,0.25,112260,oracle_only
182905,467,oracle+mini_cmix+donor_profile,list,0,0.25,112261,oracle_only
183375,474,oracle+mini_cmix+donor_profile,list,0,0.25,112262,oracle_only
183852,466,oracle+mini_cmix+donor_profile,list,0,0.25,112263,oracle_only
184321,474,oracle+mini_cmix+donor_profile,list,0,0.25,112264,oracle_only
184798,467,oracle+mini_cmix+donor_profile,list,0,0.25,112265,oracle_only
185268,471,oracle+mini_cmix+donor_profile,list,0,0.25,112266,oracle_only
185742,468,oracle+mini_cmix+donor_profile,list,0,0.25,112267,oracle_only
186213,454,oracle+mini_cmix+donor_profile,list,0,0.25,112268,oracle_only
186670,462,oracle+mini_cmix+donor_profile,list,0,0.25,112269,oracle_only
187135,464,oracle+mini_cmix+donor_profile,list,0,0.25,112270,oracle_only
187602,412,oracle+mini_cmix+donor_profile,list,0,0.25,112271,oracle_only
188017,876,oracle+mini_cmix+donor_profile,xml,0,0.25,112272,oracle_only
188896,469,oracle+mini_cmix+donor_profile,list,0,0.25,112273,oracle_only
189368,641,oracle+mini_cmix+donor_profile,list,0,0.25,112274,oracle_only
190012,440,oracle+mini_cmix+donor_profile,list,0,0.25,112275,oracle_only
190455,711,oracle+mini_cmix+donor_profile,url,0,0.25,112276,oracle_only
191169,469,oracle+mini_cmix+donor_profile,list,0,0.25,112277,oracle_only
191641,467,oracle+mini_cmix+donor_profile,list,0,0.25,112278,oracle_only
192111,441,oracle+mini_cmix+donor_profile,list,0,0.25,112279,oracle_only
192555,442,oracle+mini_cmix+donor_profile,list,0,0.25,112280,oracle_only
193000,446,oracle+mini_cmix+donor_profile,list,0,0.25,112281,oracle_only
193449,459,oracle+mini_cmix+donor_profile,list,0,0.25,112282,oracle_only
193911,446,oracle+mini_cmix+donor_profile,list,0,0.25,112283,oracle_only
194360,449,oracle+mini_cmix+donor_profile,list,0,0.25,112284,oracle_only
194812,425,oracle+mini_cmix+donor_profile,list,0,0.25,112285,oracle_only
195240,513,oracle+mini_cmix+donor_profile,list,0,0.25,112286,oracle_only
195756,977,oracle+mini_cmix+donor_profile,list,0,0.25,112287,oracle_only
196736,498,oracle+mini_cmix+donor_profile,list,0,0.25,112288,oracle_only
197237,546,oracle+mini_cmix+donor_profile,list,0,0.25,112289,oracle_only
197786,467,oracle+mini_cmix+donor_profile,list,0,0.25,112290,oracle_only
198256,459,oracle+mini_cmix+donor_profile,list,0,0.25,112291,oracle_only
198718,740,oracle+mini_cmix+donor_profile,url,0,0.25,112292,oracle_only
199461,443,oracle+mini_cmix+donor_profile,list,0,0.25,112293,oracle_only
199907,452,oracle+mini_cmix+donor_profile,list,0,0.25,112294,oracle_only
200362,466,oracle+mini_cmix+donor_profile,list,0,0.25,112295,oracle_only
200831,455,oracle+mini_cmix+donor_profile,list,0,0.25,112296,oracle_only
201289,440,oracle+mini_cmix+donor_profile,list,0,0.25,112297,oracle_only
201732,457,oracle+mini_cmix+donor_profile,list,0,0.25,112298,oracle_only
202192,404,oracle+mini_cmix+donor_profile,list,0,0.25,112299,oracle_only
202599,421,oracle+mini_cmix+donor_profile,list,0,0.25,112300,oracle_only
203023,448,oracle+mini_cmix+donor_profile,list,0,0.25,112301,oracle_only
203474,506,oracle+mini_cmix+donor_profile,list,0,0.25,112302,oracle_only
203983,533,oracle+mini_cmix+donor_profile,list,0,0.25,112303,oracle_only
204519,523,oracle+mini_cmix+donor_profile,list,0,0.25,112304,oracle_only
205045,493,oracle+mini_cmix+donor_profile,list,0,0.25,112305,oracle_only
205541,430,oracle+mini_cmix+donor_profile,list,0,0.25,112306,oracle_only
205974,465,oracle+mini_cmix+donor_profile,list,0,0.25,112307,oracle_only
206442,443,oracle+mini_cmix+donor_profile,list,0,0.25,112308,oracle_only
206888,915,oracle+mini_cmix+donor_profile,url,0,0.25,112309,oracle_only
207806,439,oracle+mini_cmix+donor_profile,list,0,0.25,112310,oracle_only
208248,439,oracle+mini_cmix+donor_profile,list,0,0.25,112311,oracle_only
208690,453,oracle+mini_cmix+donor_profile,list,0,0.25,112312,oracle_only
209146,526,oracle+mini_cmix+donor_profile,list,0,0.25,112313,oracle_only
209675,1253,oracle+mini_cmix+donor_profile,list,0,0.25,112314,oracle_only
210931,1537,oracle+mini_cmix+donor_profile,url,0,0.25,112315,oracle_only
212471,566,oracle+mini_cmix+donor_profile,list,0,0.25,112316,oracle_only
213040,938,oracle+mini_cmix+donor_profile,list,0,0.25,112317,oracle_only
213981,516,oracle+mini_cmix+donor_profile,list,0,0.25,112318,oracle_only
214500,1260,oracle+mini_cmix+donor_profile,list,0,0.25,112319,oracle_only
215763,532,oracle+mini_cmix+donor_profile,list,0,0.25,112320,oracle_only
216298,1083,oracle+mini_cmix+donor_profile,list,0,0.25,112321,oracle_only
217384,758,oracle+mini_cmix+donor_profile,url,0,0.25,112322,oracle_only
218145,536,oracle+mini_cmix+donor_profile,list,0,0.25,112323,oracle_only
218684,533,oracle+mini_cmix+donor_profile,list,0,0.25,112324,oracle_only
219220,1519,oracle+mini_cmix+donor_profile,list,0,0.25,112325,oracle_only
220742,511,oracle+mini_cmix+donor_profile,list,0,0.25,112326,oracle_only
221256,1203,oracle+mini_cmix+donor_profile,url,0,0.25,112327,oracle_only
222462,1137,oracle+mini_cmix+donor_profile,list,0,0.25,112328,oracle_only
223602,740,oracle+mini_cmix+donor_profile,url,0,0.25,112329,oracle_only
224345,488,oracle+mini_cmix+donor_profile,list,0,0.25,112330,oracle_only
224836,1117,oracle+mini_cmix+donor_profile,url,0,0.25,112331,oracle_only
225956,999,oracle+mini_cmix+donor_profile,url,0,0.25,112332,oracle_only
226958,529,oracle+mini_cmix+donor_profile,list,0,0.25,112333,oracle_only
227490,1026,oracle+mini_cmix+donor_profile,url,0,0.25,112334,oracle_only
228519,520,oracle+mini_cmix+donor_profile,list,0,0.25,112335,oracle_only
229042,528,oracle+mini_cmix+donor_profile,list,0,0.25,112336,oracle_only
229573,530,oracle+mini_cmix+donor_profile,list,0,0.25,112337,oracle_only
230106,521,oracle+mini_cmix+donor_profile,list,0,0.25,112338,oracle_only
230630,511,oracle+mini_cmix+donor_profile,list,0,0.25,112339,oracle_only
231144,500,oracle+mini_cmix+donor_profile,list,0,0.25,112340,oracle_only
231647,523,oracle+mini_cmix+donor_profile,list,0,0.25,112341,oracle_only
232173,515,oracle+mini_cmix+donor_profile,list,0,0.25,112342,oracle_only
232691,636,oracle+mini_cmix+donor_profile,list,0,0.25,112343,oracle_only
233330,515,oracle+mini_cmix+donor_profile,list,0,0.25,112344,oracle_only
233848,541,oracle+mini_cmix+donor_profile,list,0,0.25,112345,oracle_only
234392,992,oracle+mini_cmix+donor_profile,url,0,0.25,112346,oracle_only
235387,704,oracle+mini_cmix+donor_profile,list,0,0.25,112347,oracle_only
236094,1590,oracle+mini_cmix+donor_profile,url,0,0.25,112348,oracle_only
237687,526,oracle+mini_cmix+donor_profile,list,0,0.25,112349,oracle_only
238216,3388,oracle+mini_cmix+donor_profile,url,0,0.25,112350,oracle_only
241607,3999,oracle+mini_cmix+donor_profile,url,0,0.25,112351,oracle_only
245609,5104,oracle+mini_cmix+donor_profile,url,0,0.25,112352,oracle_only
250716,532,oracle+mini_cmix+donor_profile,list,0,0.25,112353,oracle_only
251251,530,oracle+mini_cmix+donor_profile,list,0,0.25,112354,oracle_only
251784,527,oracle+mini_cmix+donor_profile,list,0,0.25,112355,oracle_only
252314,763,oracle+mini_cmix+donor_profile,list,0,0.25,112356,oracle_only
253080,755,oracle+mini_cmix+donor_profile,list,0,0.25,112357,oracle_only
253838,513,oracle+mini_cmix+donor_profile,list,0,0.25,112358,oracle_only
254354,521,oracle+mini_cmix+donor_profile,list,0,0.25,112359,oracle_only
254878,530,oracle+mini_cmix+donor_profile,list,0,0.25,112360,oracle_only
255411,525,oracle+mini_cmix+donor_profile,list,0,0.25,112361,oracle_only
255939,534,oracle+mini_cmix+donor_profile,list,0,0.25,112362,oracle_only
256476,520,oracle+mini_cmix+donor_profile,list,0,0.25,112363,oracle_only
256999,523,oracle+mini_cmix+donor_profile,list,0,0.25,112364,oracle_only
257525,519,oracle+mini_cmix+donor_profile,list,0,0.25,112365,oracle_only
258047,515,oracle+mini_cmix+donor_profile,list,0,0.25,112366,oracle_only
258565,523,oracle+mini_cmix+donor_profile,list,0,0.25,112367,oracle_only
259091,559,oracle+mini_cmix+donor_profile,list,0,0.25,112368,oracle_only
259653,828,oracle+mini_cmix+donor_profile,list,0,0.25,112369,oracle_only
260484,529,oracle+mini_cmix+donor_profile,list,0,0.25,112370,oracle_only
261016,527,oracle+mini_cmix+donor_profile,list,0,0.25,112371,oracle_only
261546,533,oracle+mini_cmix+donor_profile,list,0,0.25,112372,oracle_only
262082,528,oracle+mini_cmix+donor_profile,list,0,0.25,112373,oracle_only
262613,527,oracle+mini_cmix+donor_profile,list,0,0.25,112374,oracle_only
263143,538,oracle+mini_cmix+donor_profile,list,0,0.25,112375,oracle_only
263684,535,oracle+mini_cmix+donor_profile,list,0,0.25,112376,oracle_only
264222,287,oracle+mini_cmix+donor_profile,xml,0,0.25,112377,oracle_only
264512,518,oracle+mini_cmix+donor_profile,list,0,0.25,112378,oracle_only
265033,531,oracle+mini_cmix+donor_profile,list,0,0.25,112379,oracle_only
265567,472,oracle+mini_cmix+donor_profile,list,0,0.25,112380,oracle_only
266042,478,oracle+mini_cmix+donor_profile,list,0,0.25,112381,oracle_only
266523,471,oracle+mini_cmix+donor_profile,list,0,0.25,112382,oracle_only
266997,757,oracle+mini_cmix+donor_profile,list,0,0.25,112383,oracle_only
267757,474,oracle+mini_cmix+donor_profile,list,0,0.25,112384,oracle_only
268234,490,oracle+mini_cmix+donor_profile,list,0,0.25,112385,oracle_only
268727,473,oracle+mini_cmix+donor_profile,list,0,0.25,112386,oracle_only
269203,474,oracle+mini_cmix+donor_profile,list,0,0.25,112387,oracle_only
269680,904,oracle+mini_cmix+donor_profile,url,0,0.25,112388,oracle_only
270587,717,oracle+mini_cmix+donor_profile,url,0,0.25,112389,oracle_only
271307,518,oracle+mini_cmix+donor_profile,list,0,0.25,112390,oracle_only
271828,516,oracle+mini_cmix+donor_profile,list,0,0.25,112391,oracle_only
272347,746,oracle+mini_cmix+donor_profile,url,0,0.25,112392,oracle_only
273096,478,oracle+mini_cmix+donor_profile,list,0,0.25,112393,oracle_only
273577,478,oracle+mini_cmix+donor_profile,list,0,0.25,112394,oracle_only
274058,461,oracle+mini_cmix+donor_profile,list,0,0.25,112395,oracle_only
274522,469,oracle+mini_cmix+donor_profile,list,0,0.25,112396,oracle_only
274994,485,oracle+mini_cmix+donor_profile,list,0,0.25,112397,oracle_only
275482,480,oracle+mini_cmix+donor_profile,list,0,0.25,112398,oracle_only
275965,471,oracle+mini_cmix+donor_profile,list,0,0.25,112399,oracle_only
276439,476,oracle+mini_cmix+donor_profile,list,0,0.25,112400,oracle_only
276918,478,oracle+mini_cmix+donor_profile,list,0,0.25,112401,oracle_only
277399,465,oracle+mini_cmix+donor_profile,list,0,0.25,112402,oracle_only
277867,447,oracle+mini_cmix+donor_profile,list,0,0.25,112403,oracle_only
278317,459,oracle+mini_cmix+donor_profile,list,0,0.25,112404,oracle_only
278779,275,oracle+mini_cmix+donor_profile,xml,0,0.25,112405,oracle_only
279057,470,oracle+mini_cmix+donor_profile,list,0,0.25,112406,oracle_only
279530,463,oracle+mini_cmix+donor_profile,list,0,0.25,112407,oracle_only
279996,477,oracle+mini_cmix+donor_profile,list,0,0.25,112408,oracle_only
280476,461,oracle+mini_cmix+donor_profile,list,0,0.25,112409,oracle_only
280940,480,oracle+mini_cmix+donor_profile,list,0,0.25,112410,oracle_only
281423,470,oracle+mini_cmix+donor_profile,list,0,0.25,112411,oracle_only
281896,469,oracle+mini_cmix+donor_profile,list,0,0.25,112412,oracle_only
282368,283,oracle+mini_cmix+donor_profile,xml,0,0.25,112413,oracle_only
282654,479,oracle+mini_cmix+donor_profile,list,0,0.25,112414,oracle_only
283136,502,oracle+mini_cmix+donor_profile,list,0,0.25,112415,oracle_only
283641,475,oracle+mini_cmix+donor_profile,list,0,0.25,112416,oracle_only
284119,717,oracle+mini_cmix+donor_profile,list,0,0.25,112417,oracle_only
284839,505,oracle+mini_cmix+donor_profile,list,0,0.25,112418,oracle_only
285347,475,oracle+mini_cmix+donor_profile,list,0,0.25,112419,oracle_only
285825,464,oracle+mini_cmix+donor_profile,list,0,0.25,112420,oracle_only
286292,474,oracle+mini_cmix+donor_profile,list,0,0.25,112421,oracle_only
286769,483,oracle+mini_cmix+donor_profile,list,0,0.25,112422,oracle_only
287255,455,oracle+mini_cmix+donor_profile,xml,0,0.25,112423,oracle_only
287713,279,oracle+mini_cmix+donor_profile,xml,0,0.25,112424,oracle_only
287995,971,oracle+mini_cmix+donor_profile,url,0,0.25,112425,oracle_only
288969,586,oracle+mini_cmix+donor_profile,list,0,0.25,112426,oracle_only
289558,523,oracle+mini_cmix+donor_profile,list,0,0.25,112427,oracle_only
290084,522,oracle+mini_cmix+donor_profile,list,0,0.25,112428,oracle_only
290609,534,oracle+mini_cmix+donor_profile,list,0,0.25,112429,oracle_only
291146,873,oracle+mini_cmix+donor_profile,list,0,0.25,112430,oracle_only
292022,508,oracle+mini_cmix+donor_profile,list,0,0.25,112431,oracle_only
292533,526,oracle+mini_cmix+donor_profile,list,0,0.25,112432,oracle_only
293062,500,oracle+mini_cmix+donor_profile,list,0,0.25,112433,oracle_only
293565,521,oracle+mini_cmix+donor_profile,list,0,0.25,112434,oracle_only
294089,921,oracle+mini_cmix+donor_profile,list,0,0.25,112435,oracle_only
295013,525,oracle+mini_cmix+donor_profile,list,0,0.25,112436,oracle_only
295541,502,oracle+mini_cmix+donor_profile,list,0,0.25,112437,oracle_only
296046,528,oracle+mini_cmix+donor_profile,list,0,0.25,112438,oracle_only
296577,538,oracle+mini_cmix+donor_profile,list,0,0.25,112439,oracle_only
297118,525,oracle+mini_cmix+donor_profile,list,0,0.25,112440,oracle_only
297646,524,oracle+mini_cmix+donor_profile,list,0,0.25,112441,oracle_only
298173,276,oracle+mini_cmix+donor_profile,xml,0,0.25,112442,oracle_only
298452,521,oracle+mini_cmix+donor_profile,list,0,0.25,112443,oracle_only
298976,660,oracle+mini_cmix+donor_profile,list,0,0.25,112444,oracle_only
299639,508,oracle+mini_cmix+donor_profile,list,0,0.25,112445,oracle_only
300150,515,oracle+mini_cmix+donor_profile,list,0,0.25,112446,oracle_only
300668,524,oracle+mini_cmix+donor_profile,list,0,0.25,112447,oracle_only
301195,522,oracle+mini_cmix+donor_profile,list,0,0.25,112448,oracle_only
301720,524,oracle+mini_cmix+donor_profile,list,0,0.25,112449,oracle_only
302247,524,oracle+mini_cmix+donor_profile,list,0,0.25,112450,oracle_only
302774,874,oracle+mini_cmix+donor_profile,xml,0,0.25,112451,oracle_only
303651,544,oracle+mini_cmix+donor_profile,list,0,0.25,112452,oracle_only
304198,517,oracle+mini_cmix+donor_profile,list,0,0.25,112453,oracle_only
304718,750,oracle+mini_cmix+donor_profile,list,0,0.25,112454,oracle_only
305471,527,oracle+mini_cmix+donor_profile,list,0,0.25,112455,oracle_only
306001,536,oracle+mini_cmix+donor_profile,list,0,0.25,112456,oracle_only
306540,488,oracle+mini_cmix+donor_profile,list,0,0.25,112457,oracle_only
307031,530,oracle+mini_cmix+donor_profile,list,0,0.25,112458,oracle_only
307564,840,oracle+mini_cmix+donor_profile,url,0,0.25,112459,oracle_only
308407,284,oracle+mini_cmix+donor_profile,xml,0,0.25,112460,oracle_only
308694,519,oracle+mini_cmix+donor_profile,list,0,0.25,112461,oracle_only
309216,525,oracle+mini_cmix+donor_profile,list,0,0.25,112462,oracle_only
309744,528,oracle+mini_cmix+donor_profile,list,0,0.25,112463,oracle_only
310275,455,oracle+mini_cmix+donor_profile,list,0,0.25,112464,oracle_only
310733,516,oracle+mini_cmix+donor_profile,list,0,0.25,112465,oracle_only
311252,522,oracle+mini_cmix+donor_profile,list,0,0.25,112466,oracle_only
311777,17137,oracle+mini_cmix+donor_profile,list,0,0.25,112467,oracle_only
328917,586,oracle+mini_cmix+donor_profile,xml,0,0.25,112468,oracle_only
329506,369,oracle+mini_cmix+donor_profile,xml,0,0.25,112469,oracle_only
329878,419,oracle+mini_cmix+donor_profile,list,0,0.25,112470,oracle_only
330300,417,oracle+mini_cmix+donor_profile,list,0,0.25,112471,oracle_only
330720,425,oracle+mini_cmix+donor_profile,list,0,0.25,112472,oracle_only
331148,419,oracle+mini_cmix+donor_profile,xml,0,0.25,112473,oracle_only
331570,360,oracle+mini_cmix+donor_profile,xml,0,0.25,112474,oracle_only
331933,441,oracle+mini_cmix+donor_profile,list,0,0.25,112475,oracle_only
332377,497,oracle+mini_cmix+donor_profile,xml,0,0.25,112476,oracle_only
332877,629,oracle+mini_cmix+donor_profile,xml,0,0.25,112477,oracle_only
333509,531,oracle+mini_cmix+donor_profile,list,0,0.25,112478,oracle_only
334043,417,oracle+mini_cmix+donor_profile,list,0,0.25,112479,oracle_only
334463,424,oracle+mini_cmix+donor_profile,list,0,0.25,112480,oracle_only
334890,447,oracle+mini_cmix+donor_profile,list,0,0.25,112481,oracle_only
335340,402,oracle+mini_cmix+donor_profile,xml,0,0.25,112482,oracle_only
335745,531,oracle+mini_cmix+donor_profile,list,0,0.25,112483,oracle_only
336279,503,oracle+mini_cmix+donor_profile,list,0,0.25,112484,oracle_only
336785,452,oracle+mini_cmix+donor_profile,list,0,0.25,112485,oracle_only
337240,457,oracle+mini_cmix+donor_profile,xml,0,0.25,112486,oracle_only
337700,712,oracle+mini_cmix+donor_profile,list,0,0.25,112487,oracle_only
338415,475,oracle+mini_cmix+donor_profile,list,0,0.25,112488,oracle_only
338893,454,oracle+mini_cmix+donor_profile,list,0,0.25,112489,oracle_only
339350,421,oracle+mini_cmix+donor_profile,xml,0,0.25,112490,oracle_only
339774,293,oracle+mini_cmix+donor_profile,xml,0,0.25,112491,oracle_only
340070,410,oracle+mini_cmix+donor_profile,list,0,0.25,112492,oracle_only
340483,486,oracle+mini_cmix+donor_profile,xml,0,0.25,112493,oracle_only
340972,451,oracle+mini_cmix+donor_profile,list,0,0.25,112494,oracle_only
341426,457,oracle+mini_cmix+donor_profile,list,0,0.25,112495,oracle_only
341886,4520,oracle+mini_cmix+donor_profile,url,0,0.25,112496,oracle_only
346409,501,oracle+mini_cmix+donor_profile,list,0,0.25,112497,oracle_only
346913,469,oracle+mini_cmix+donor_profile,list,0,0.25,112498,oracle_only
347385,1700,oracle+mini_cmix+donor_profile,xml,0,0.25,112499,oracle_only
349088,167,oracle+mini_cmix+donor_profile,list,0,0.25,112500,oracle_only
349258,183,oracle+mini_cmix+donor_profile,list,0,0.25,112501,oracle_only
349444,90,oracle+mini_cmix+donor_profile,xml,0,0.25,112502,oracle_only
349537,422,oracle+mini_cmix+donor_profile,url,0,0.25,112503,oracle_only
349962,1559,oracle+mini_cmix+donor_profile,url,0,0.25,112504,oracle_only
351524,4140,oracle+mini_cmix+donor_profile,url,0,0.25,112505,oracle_only
355667,2214,oracle+mini_cmix+donor_profile,url,0,0.25,112506,oracle_only
357884,1144,oracle+mini_cmix+donor_profile,list,0,0.25,112507,oracle_only
359031,4538,oracle+mini_cmix+donor_profile,list,0,0.25,112508,oracle_only
363572,185,oracle+mini_cmix+donor_profile,xml,0,0.25,112509,oracle_only
363760,1047,oracle+mini_cmix+donor_profile,url,0,0.25,112510,oracle_only
364810,1241,oracle+mini_cmix+donor_profile,prose,0,0.25,112511,oracle_only
366054,332,oracle+mini_cmix+donor_profile,xml,0,0.25,112512,oracle_only
366389,601,oracle+mini_cmix+donor_profile,xml,0,0.25,112513,oracle_only
366993,2972,oracle+mini_cmix+donor_profile,list,0,0.25,112514,oracle_only
369968,1944,oracle+mini_cmix+donor_profile,list,0,0.25,112515,oracle_only
371915,2196,oracle+mini_cmix+donor_profile,list,0,0.25,112516,oracle_only
374114,2320,oracle+mini_cmix+donor_profile,list,0,0.25,112517,oracle_only
376437,2520,oracle+mini_cmix+donor_profile,list,0,0.25,112518,oracle_only
378960,2278,oracle+mini_cmix+donor_profile,list,0,0.25,112519,oracle_only
381241,2202,oracle+mini_cmix+donor_profile,list,0,0.25,112520,oracle_only
383446,2291,oracle+mini_cmix+donor_profile,list,0,0.25,112521,oracle_only
385740,2431,oracle+mini_cmix+donor_profile,list,0,0.25,112522,oracle_only
388174,2174,oracle+mini_cmix+donor_profile,list,0,0.25,112523,oracle_only
390351,2971,oracle+mini_cmix+donor_profile,list,0,0.25,112524,oracle_only
393325,2848,oracle+mini_cmix+donor_profile,list,0,0.25,112525,oracle_only
396176,2455,oracle+mini_cmix+donor_profile,list,0,0.25,112526,oracle_only
398634,2000,oracle+mini_cmix+donor_profile,list,0,0.25,112527,oracle_only
400637,3068,oracle+mini_cmix+donor_profile,list,0,0.25,112528,oracle_only
403708,2451,oracle+mini_cmix+donor_profile,list,0,0.25,112529,oracle_only
406162,2359,oracle+mini_cmix+donor_profile,list,0,0.25,112530,oracle_only
408524,1963,oracle+mini_cmix+donor_profile,list,0,0.25,112531,oracle_only
410490,2285,oracle+mini_cmix+donor_profile,list,0,0.25,112532,oracle_only
412778,2263,oracle+mini_cmix+donor_profile,url,0,0.25,112533,oracle_only
415044,2962,oracle+mini_cmix+donor_profile,list,0,0.25,112534,oracle_only
418009,1782,oracle+mini_cmix+donor_profile,list,0,0.25,112535,oracle_only
419794,4913,oracle+mini_cmix+donor_profile,url,0,0.25,112536,oracle_only
424710,2477,oracle+mini_cmix+donor_profile,list,0,0.25,112537,oracle_only
427190,432,oracle+mini_cmix+donor_profile,xml,0,0.25,112538,oracle_only
427625,1993,oracle+mini_cmix+donor_profile,list,0,0.25,112539,oracle_only
429621,9702,oracle+mini_cmix+donor_profile,list,0,0.25,112540,oracle_only
439326,590,oracle+mini_cmix+donor_profile,xml,0,0.25,112541,oracle_only
439919,1722,oracle+mini_cmix+donor_profile,url,0,0.25,112542,oracle_only
441644,2471,oracle+mini_cmix+donor_profile,list,0,0.25,112543,oracle_only
444118,3863,oracle+mini_cmix+donor_profile,url,0,0.25,112544,oracle_only
447984,1729,oracle+mini_cmix+donor_profile,url,0,0.25,112545,oracle_only
449716,1937,oracle+mini_cmix+donor_profile,url,0,0.25,112546,oracle_only
451656,5498,oracle+mini_cmix+donor_profile,list,0,0.25,112547,oracle_only
457157,1391,oracle+mini_cmix+donor_profile,url,0,0.25,112548,oracle_only
458551,21649,oracle+mini_cmix+donor_profile,list,0,0.25,112549,oracle_only
480203,1841,oracle+mini_cmix+donor_profile,url,0,0.25,112550,oracle_only
482047,608,oracle+mini_cmix+donor_profile,xml,0,0.25,112551,oracle_only
482658,2171,oracle+mini_cmix+donor_profile,url,0,0.25,112552,oracle_only
484832,709,oracle+mini_cmix+donor_profile,url,0,0.25,112553,oracle_only
485544,887,oracle+mini_cmix+donor_profile,url,0,0.25,112554,oracle_only
486434,577,oracle+mini_cmix+donor_profile,list,0,0.25,112555,oracle_only
487014,1158,oracle+mini_cmix+donor_profile,url,0,0.25,112556,oracle_only
488175,1283,oracle+mini_cmix+donor_profile,url,0,0.25,112557,oracle_only
489461,775,oracle+mini_cmix+donor_profile,list,0,0.25,112558,oracle_only
490239,555,oracle+mini_cmix+donor_profile,url,0,0.25,112559,oracle_only
490797,904,oracle+mini_cmix+donor_profile,url,0,0.25,112560,oracle_only
491704,16179,oracle+mini_cmix+donor_profile,list,0,0.25,112561,oracle_only
507886,3442,oracle+mini_cmix+donor_profile,url,0,0.25,112562,oracle_only
511331,5121,oracle+mini_cmix+donor_profile,prose,0,0.25,112563,oracle_only
516455,12183,oracle+mini_cmix+donor_profile,url,0,0.25,112564,oracle_only
528641,2066,oracle+mini_cmix+donor_profile,url,0,0.25,112565,oracle_only
530710,5702,oracle+mini_cmix+donor_profile,url,0,0.25,112566,oracle_only
536415,3605,oracle+mini_cmix+donor_profile,url,0,0.25,112567,oracle_only
540023,2039,oracle+mini_cmix+donor_profile,url,0,0.25,112568,oracle_only
542065,17442,oracle+mini_cmix+donor_profile,url,0,0.25,112569,oracle_only
559510,2647,oracle+mini_cmix+donor_profile,prose,0,0.25,112570,oracle_only
562160,6238,oracle+mini_cmix+donor_profile,url,0,0.25,112571,oracle_only
568401,37443,oracle+mini_cmix+donor_profile,list,0,0.25,112572,oracle_only
605847,1015,oracle+mini_cmix+donor_profile,list,0,0.25,112573,oracle_only
606865,1231,oracle+mini_cmix+donor_profile,url,0,0.25,112574,oracle_only
608099,659,oracle+mini_cmix+donor_profile,url,0,0.25,112575,oracle_only
608761,20106,oracle+mini_cmix+donor_profile,url,0,0.25,112576,oracle_only
628870,4603,oracle+mini_cmix+donor_profile,url,0,0.25,112577,oracle_only
633476,6247,oracle+mini_cmix+donor_profile,url,0,0.25,112578,oracle_only
639726,1577,oracle+mini_cmix+donor_profile,prose,0,0.25,112579,oracle_only
641306,11602,oracle+mini_cmix+donor_profile,prose,0,0.25,112580,oracle_only
652911,44065,oracle+mini_cmix+donor_profile,list,0,0.25,112581,oracle_only
696979,1453,oracle+mini_cmix+donor_profile,url,0,0.25,112582,oracle_only
698435,3816,oracle+mini_cmix+donor_profile,list,0,0.25,112583,oracle_only
702254,3173,oracle+mini_cmix+donor_profile,url,0,0.25,112584,oracle_only
705430,3265,oracle+mini_cmix+donor_profile,url,0,0.25,112585,oracle_only
708698,1518,oracle+mini_cmix+donor_profile,list,0,0.25,112586,oracle_only
710219,2004,oracle+mini_cmix+donor_profile,url,0,0.25,112587,oracle_only
712226,1893,oracle+mini_cmix+donor_profile,url,0,0.25,112588,oracle_only
714122,1770,oracle+mini_cmix+donor_profile,url,0,0.25,112589,oracle_only
715895,2434,oracle+mini_cmix+donor_profile,url,0,0.25,112590,oracle_only
718332,3364,oracle+mini_cmix+donor_profile,url,0,0.25,112591,oracle_only
721699,2541,oracle+mini_cmix+donor_profile,url,0,0.25,112592,oracle_only
724243,2187,oracle+mini_cmix+donor_profile,url,0,0.25,112593,oracle_only
726433,8244,oracle+mini_cmix+donor_profile,url,0,0.25,112594,oracle_only
734680,1760,oracle+mini_cmix+donor_profile,url,0,0.25,112595,oracle_only
736443,2515,oracle+mini_cmix+donor_profile,url,0,0.25,112596,oracle_only
738961,3057,oracle+mini_cmix+donor_profile,url,0,0.25,112597,oracle_only
742021,2750,oracle+mini_cmix+donor_profile,url,0,0.25,112598,oracle_only
744774,2473,oracle+mini_cmix+donor_profile,url,0,0.25,112599,oracle_only
747250,2606,oracle+mini_cmix+donor_profile,url,0,0.25,112600,oracle_only
749859,19289,oracle+mini_cmix+donor_profile,url,0,0.25,112601,oracle_only
769151,2342,oracle+mini_cmix+donor_profile,url,0,0.25,112602,oracle_only
771496,2487,oracle+mini_cmix+donor_profile,url,0,0.25,112603,oracle_only
773986,4714,oracle+mini_cmix+donor_profile,url,0,0.25,112604,oracle_only
778703,1904,oracle+mini_cmix+donor_profile,url,0,0.25,112605,oracle_only
780610,2906,oracle+mini_cmix+donor_profile,url,0,0.25,112606,oracle_only
783519,2637,oracle+mini_cmix+donor_profile,url,0,0.25,112607,oracle_only
786159,19858,oracle+mini_cmix+donor_profile,list,0,0.25,112608,oracle_only
806020,2130,oracle+mini_cmix+donor_profile,url,0,0.25,112609,oracle_only
808153,1152,oracle+mini_cmix+donor_profile,url,0,0.25,112610,oracle_only
809308,1333,oracle+mini_cmix+donor_profile,url,0,0.25,112611,oracle_only
810644,443,oracle+mini_cmix+donor_profile,xml,0,0.25,112612,oracle_only
811090,486,oracle+mini_cmix+donor_profile,xml,0,0.25,112613,oracle_only
811579,3085,oracle+mini_cmix+donor_profile,prose,0,0.25,112614,oracle_only
814667,11448,oracle+mini_cmix+donor_profile,list,0,0.25,112615,oracle_only
826118,1322,oracle+mini_cmix+donor_profile,list,0,0.25,112616,oracle_only
827443,980,oracle+mini_cmix+donor_profile,url,0,0.25,112617,oracle_only
828426,3963,oracle+mini_cmix+donor_profile,prose,0,0.25,112618,oracle_only
832392,1470,oracle+mini_cmix+donor_profile,url,0,0.25,112619,oracle_only
833865,1698,oracle+mini_cmix+donor_profile,url,0,0.25,112620,oracle_only
835566,2786,oracle+mini_cmix+donor_profile,url,0,0.25,112621,oracle_only
838355,1113,oracle+mini_cmix+donor_profile,prose,0,0.25,112622,oracle_only
839471,3076,oracle+mini_cmix+donor_profile,list,0,0.25,112623,oracle_only
842550,4464,oracle+mini_cmix+donor_profile,url,0,0.25,112624,oracle_only
847017,22493,oracle+mini_cmix+donor_profile,list,0,0.25,112625,oracle_only
869513,4435,oracle+mini_cmix+donor_profile,list,0,0.25,112626,oracle_only
873951,4723,oracle+mini_cmix+donor_profile,list,0,0.25,112627,oracle_only
878677,2423,oracle+mini_cmix+donor_profile,url,0,0.25,112628,oracle_only
881103,6816,oracle+mini_cmix+donor_profile,list,0,0.25,112629,oracle_only
887922,1498,oracle+mini_cmix+donor_profile,list,0,0.25,112630,oracle_only
889423,2636,oracle+mini_cmix+donor_profile,list,0,0.25,112631,oracle_only
892062,1532,oracle+mini_cmix+donor_profile,list,0,0.25,112632,oracle_only
893597,4655,oracle+mini_cmix+donor_profile,list,0,0.25,112633,oracle_only
898255,16562,oracle+mini_cmix+donor_profile,list,0,0.25,112634,oracle_only
914820,13722,oracle+mini_cmix+donor_profile,list,0,0.25,112635,oracle_only
928545,8834,oracle+mini_cmix+donor_profile,url,0,0.25,112636,oracle_only
937382,10051,oracle+mini_cmix+donor_profile,list,0,0.25,112637,oracle_only
947436,9680,oracle+mini_cmix+donor_profile,prose,0,0.25,112638,oracle_only
957119,9799,oracle+mini_cmix+donor_profile,url,0,0.25,112639,oracle_only
966921,21017,oracle+mini_cmix+donor_profile,list,0,0.25,112640,oracle_only
987941,796,oracle+mini_cmix+donor_profile,prose,0,0.25,112641,oracle_only
988740,6089,oracle+mini_cmix+donor_profile,url,0,0.25,112642,oracle_only
994832,18769,oracle+mini_cmix+donor_profile,list,0,0.25,112643,oracle_only
1013604,1887,oracle+mini_cmix+donor_profile,list,0,0.25,112644,oracle_only
1015494,1828,oracle+mini_cmix+donor_profile,list,0,0.25,112645,oracle_only
1017325,968,oracle+mini_cmix+donor_profile,url,0,0.25,112646,oracle_only
1018296,835,oracle+mini_cmix+donor_profile,url,0,0.25,112647,oracle_only
1019134,634,oracle+mini_cmix+donor_profile,xml,0,0.25,112648,oracle_only
1019771,2520,oracle+mini_cmix+donor_profile,list,0,0.25,112649,oracle_only
1022294,4448,oracle+mini_cmix+donor_profile,url,0,0.25,112650,oracle_only
1026745,4410,oracle+mini_cmix+donor_profile,url,0,0.25,112651,oracle_only
1031158,1407,oracle+mini_cmix+donor_profile,url,0,0.25,112652,oracle_only
1032568,2672,oracle+mini_cmix+donor_profile,url,0,0.25,112653,oracle_only
1035243,1868,oracle+mini_cmix+donor_profile,url,0,0.25,112654,oracle_only
1037114,6664,oracle+mini_cmix+donor_profile,list,0,0.25,112655,oracle_only
1043781,3414,oracle+mini_cmix+donor_profile,url,0,0.25,112656,oracle_only
