region,baseline_payload,candidate_payload,assignment_cost,span_cost,copy_cost,candidate_total,saving_bytes,improvement_percent,status
2,140911,140911,0,0,0,140911,0,0.0000,REJECTED_SAVED
3,116668,116668,0,0,0,116668,0,0.0000,REJECTED_SAVED
4,219317,219317,0,0,0,219317,0,0.0000,REJECTED_SAVED
6,233266,233266,0,0,0,233266,0,0.0000,REJECTED_SAVED
7,218742,218742,0,0,0,218742,0,0.0000,REJECTED_SAVED
8,202918,202918,0,0,0,202918,0,0.0000,REJECTED_SAVED
9,232154,232154,0,0,0,232154,0,0.0000,REJECTED_SAVED
10,238541,238541,0,0,0,238541,0,0.0000,REJECTED_SAVED
11,245758,245758,0,0,0,245758,0,0.0000,REJECTED_SAVED
