offset,length,bits,mask,stream_class,profile_id,baseline_bytes,mini_bytes,donor_bytes,combined_bytes,selected_bytes,mini_gain_bytes,donor_gain_bytes,combined_gain_bytes,best_mode,best_gain_bytes
6405,11294,82994,114688,9,0,1496.85449452,1497.29086409,1496.9044112,1497.38794836,1497.38794836,-0.436369568289,-0.049916685849,-0.533453837823,baseline,0
17702,15288,112461,114688,9,0,1898.18436728,1899.86992561,1898.09954459,1899.83389691,1899.83389691,-1.6855583344,0.0848226895714,-1.64952963153,donor_profile,0.0848226895714
32993,4574,33823,114688,9,0,737.925683285,738.264789061,737.889509358,738.250243074,738.250243074,-0.339105775558,0.0361739274731,-0.324559788838,donor_profile,0.0361739274731
37570,2859,21304,114688,9,0,543.32614082,543.857954008,543.280687517,543.839811261,543.839811261,-0.531813187951,0.0454533030852,-0.513670441556,donor_profile,0.0454533030852
40432,658,4972,114688,9,0,89.8548869342,89.9249587564,89.8482888498,89.923330279,89.923330279,-0.0700718221794,0.00659808442742,-0.0684433448012,donor_profile,0.00659808442742
41093,1742,13397,114688,6,0,593.891684983,594.457434906,593.904562988,594.504024427,594.504024427,-0.565749923058,-0.0128780053328,-0.612339444285,baseline,0
42838,1573,12142,114688,6,0,392.118626615,392.230602719,392.046994853,392.180038133,392.180038133,-0.111976103299,0.0716317620809,-0.0614115173632,donor_profile,0.0716317620809
44414,1034,7950,114688,6,0,181.243108401,181.503988566,181.272501676,181.547243455,181.547243455,-0.260880164756,-0.0293932748273,-0.304135053824,baseline,0
45451,665,5045,114688,9,0,190.423874644,190.384438057,190.355280223,190.328321394,190.328321394,0.0394365871507,0.0685944208399,0.0955532493654,mini_donor,0.0955532493654
46119,2456,19085,114688,0,0,789.975519501,789.925750086,790.013291063,789.992465668,789.992465668,0.0497694150696,-0.0377715622208,-0.016946166413,mini_cmix,0.0497694150696
48578,1816,13986,114688,9,0,492.830709141,492.710273887,492.871441872,492.771297402,492.771297402,0.120435254319,-0.040732730502,0.0594117388753,mini_cmix,0.120435254319
50397,2347,18054,114688,6,0,681.435830117,681.793446623,681.476749115,681.863793606,681.863793606,-0.357616506391,-0.04091899788,-0.427963488595,baseline,0
52747,3022,23406,114688,6,0,883.653837192,884.053218952,883.587445929,884.027077491,884.027077491,-0.399381759946,0.0663912633217,-0.373240299188,donor_profile,0.0663912633217
55772,942,7229,114688,6,0,118.370711432,118.439748985,118.388016794,118.464280102,118.464280102,-0.0690375530726,-0.0173053627377,-0.0935686705293,baseline,0
56717,1632,12664,114688,6,0,438.757962915,438.887919497,438.797365673,438.94294602,438.94294602,-0.129956581567,-0.0394027576285,-0.184983105205,baseline,0
58352,3247,25201,114688,0,0,1239.39557138,1239.9078249,1239.51255201,1240.08503008,1240.08503008,-0.512253513018,-0.116980628951,-0.689458696635,baseline,0
61602,2801,21629,114688,9,0,905.871301647,906.131630837,905.892774576,906.1899362,906.1899362,-0.260329189819,-0.0214729290074,-0.318634552628,baseline,0
64406,2783,21458,114688,6,0,743.734052536,744.403418983,743.710031112,744.412912585,744.412912585,-0.669366447269,0.0240214244195,-0.678860048865,donor_profile,0.0240214244195
67192,2628,20226,114688,0,0,734.856099065,735.061977325,734.97728941,735.20873961,735.20873961,-0.205878260112,-0.121190344448,-0.352640544799,baseline,0
69823,1726,13160,114688,6,0,334.948333549,335.319505796,334.865091902,335.260003596,335.260003596,-0.371172247232,0.0832416465673,-0.311670046698,donor_profile,0.0832416465673
71552,1463,11229,114688,6,0,311.455119557,311.672738251,311.461300382,311.694480378,311.694480378,-0.217618694303,-0.00618082511937,-0.239360821818,baseline,0
73018,1788,13747,114688,6,0,347.472956724,347.457276416,347.545850394,347.549086416,347.549086416,0.0156803076924,-0.0728936702535,-0.076129692272,mini_cmix,0.0156803076924
74809,1316,10091,114688,6,0,281.0196207,281.35401473,281.03931925,281.386304107,281.386304107,-0.334394030017,-0.0196985494495,-0.366683406844,baseline,0
76128,998,7661,114688,6,0,147.99643389,148.182395813,147.991488774,148.187638517,148.187638517,-0.185961922458,0.00494511589022,-0.191204626634,donor_profile,0.00494511589022
77129,1187,9057,114688,9,0,270.84689382,271.663985927,270.881812918,271.710107633,271.710107633,-0.817092107095,-0.0349190980924,-0.863213813223,baseline,0
78319,516,3938,114688,9,0,57.3278421742,57.3414643883,57.3137906235,57.3303380332,57.3303380332,-0.01362221417,0.0140515506646,-0.00249585904749,donor_profile,0.0140515506646
78838,725,5546,114688,6,0,83.7999759278,83.8251652358,83.7857785681,83.815838294,83.815838294,-0.0251893079625,0.0141973597174,-0.0158623662031,donor_profile,0.0141973597174
79566,450,3431,114688,9,0,37.1530010369,37.3720657028,37.1941333212,37.4172889916,37.4172889916,-0.219064665972,-0.0411322843238,-0.264287954751,baseline,0
80019,561,4289,114688,9,0,49.3130529579,49.3551223646,49.339379264,49.3849558699,49.3849558699,-0.0420694066892,-0.0263263060715,-0.071902911994,baseline,0
80583,464,3538,114688,9,0,12.7625318553,12.9703084768,12.785723327,12.9966184436,12.9966184436,-0.207776621466,-0.0231914717133,-0.234086588228,baseline,0
81050,461,3518,114688,9,0,11.6877898158,11.7729372,11.6958267946,11.7824899655,11.7824899655,-0.0851473841929,-0.00803697885567,-0.0947001497177,baseline,0
81514,515,3931,114688,9,0,57.4745343029,57.3782730497,57.4710817446,57.3800671372,57.3800671372,0.0962612532313,0.00345255828688,0.0944671657645,mini_cmix,0.0962612532313
82032,236,1807,114688,1,0,4.68604309585,4.77290407396,4.72565674663,4.81448084903,4.81448084903,-0.0868609781008,-0.0396136507716,-0.128437753174,baseline,0
82271,459,3496,114688,9,0,22.9202364715,22.9366036895,22.9122003378,22.930679713,22.930679713,-0.0163672179721,0.00803613367134,-0.0104432414752,donor_profile,0.00803613367134
82733,483,3686,114688,9,0,28.7020964367,28.7062531157,28.7515968987,28.7572977482,28.7572977482,-0.00415667899017,-0.0495004620343,-0.0552013114763,baseline,0
83219,1202,9216,114688,6,0,259.71051536,259.82218197,259.629161806,259.75309455,259.75309455,-0.111666609122,0.0813535541674,-0.0425791895298,donor_profile,0.0813535541674
84424,663,5063,114688,6,0,29.1349334062,29.2590309359,29.1049706988,29.2325981258,29.2325981258,-0.12409752971,0.0299627074355,-0.0976647195489,donor_profile,0.0299627074355
85090,875,6700,114688,6,0,71.6351248901,71.6633746628,71.5919560499,71.6245031281,71.6245031281,-0.0282497726907,0.0431688401868,0.0106217620373,donor_profile,0.0431688401868
85968,772,5878,114688,6,0,41.4716494791,41.4976687057,41.4693040526,41.4985643923,41.4985643923,-0.026019226588,0.00234542644375,-0.0269149132321,donor_profile,0.00234542644375
86743,692,5286,114688,6,0,27.0028056153,27.2801874935,27.0006692484,27.2796982282,27.2796982282,-0.277381878159,0.00213636691842,-0.276892612921,donor_profile,0.00213636691842
87438,699,5344,114688,6,0,35.8730276905,35.8770843082,35.8894796743,35.8952650399,35.8952650399,-0.00405661771163,-0.016451983789,-0.022237349382,baseline,0
88140,626,4786,114688,1,0,24.4914620042,24.522267227,24.5033525289,24.5356931663,24.5356931663,-0.030805222768,-0.0118905246663,-0.044231162076,baseline,0
88769,1272,9654,114688,6,0,139.607800846,139.963814248,139.645079922,140.015611192,140.015611192,-0.35601340208,-0.0372790763222,-0.407810345974,baseline,0
90044,898,6876,114688,6,0,94.1009825383,93.9911689876,94.1408688778,94.0363389834,94.0363389834,0.109813550721,-0.0398863394485,0.0646435549534,mini_cmix,0.109813550721
90945,796,6074,114688,6,0,29.0131365092,29.1577848887,29.017689021,29.1652075447,29.1652075447,-0.144648379507,-0.00455251180119,-0.152071035426,baseline,0
91744,1938,14830,114688,6,0,465.509012506,466.005455485,465.442806284,465.9649357,465.9649357,-0.496442979445,0.0662062212123,-0.455923194244,donor_profile,0.0662062212123
93685,2641,20472,114688,6,0,793.721916095,793.735140748,793.773760598,793.833164537,793.833164537,-0.0132246529006,-0.0518445030839,-0.111248441945,baseline,0
96329,511,3815,114688,9,0,55.7151894493,55.8477090739,55.7131757145,55.8491064795,55.8491064795,-0.132519624554,0.00201373480741,-0.133917030191,donor_profile,0.00201373480741
96843,477,3639,114688,9,0,32.4003716906,32.5066768217,32.4005817839,32.5117867093,32.5117867093,-0.106305131089,-0.000210093287023,-0.111415018674,baseline,0
97323,802,6138,114688,6,0,52.8876972734,52.9419252907,52.9102901864,52.9671842119,52.9671842119,-0.054228017314,-0.0225929130538,-0.0794869385036,baseline,0
98128,471,3591,114688,9,0,17.0519527447,17.2528784247,17.0807533629,17.285652288,17.285652288,-0.200925679943,-0.0288006181545,-0.233699543267,baseline,0
98602,515,3925,114688,9,0,38.4239090655,38.4887279153,38.3725128879,38.4406226499,38.4406226499,-0.0648188497604,0.0513961775896,-0.0167135844036,donor_profile,0.0513961775896
99120,688,5258,114688,6,0,28.5596633263,28.765593231,28.5330818004,28.7414361174,28.7414361174,-0.20592990469,0.0265815259208,-0.181772791109,donor_profile,0.0265815259208
99811,466,3551,114688,9,0,14.5221072714,14.595407792,14.457174748,14.5349484756,14.5349484756,-0.0733005205573,0.0649325233726,-0.0128412042084,donor_profile,0.0649325233726
100280,689,5265,114688,6,0,19.2369152534,19.3332087963,19.2331172668,19.3305565367,19.3305565367,-0.0962935428896,0.00379798663835,-0.0936412832251,donor_profile,0.00379798663835
100972,481,3673,114688,9,0,11.6944167441,11.7318209163,11.6476341049,11.6880383177,11.6880383177,-0.0374041722062,0.0467826391559,0.00637842638753,donor_profile,0.0467826391559
101456,823,6322,114688,9,0,150.209344755,150.286318233,150.169611758,150.253997831,150.253997831,-0.0769734782298,0.0397329966736,-0.0446530755034,donor_profile,0.0397329966736
102282,693,5292,114688,6,0,19.3352932104,19.4572797324,19.370130944,19.49296211,19.49296211,-0.121986522011,-0.0348377335322,-0.157668899528,baseline,0
102978,471,3593,114688,9,0,13.1381437077,13.2027187965,13.1604807266,13.2270247377,13.2270247377,-0.0645750887555,-0.0223370188714,-0.0888810300261,baseline,0
103452,479,3653,114688,9,0,10.305863615,10.3822609726,10.3216337696,10.3999362308,10.3999362308,-0.0763973576402,-0.0157701546068,-0.0940726158267,baseline,0
103934,614,4702,114688,1,0,16.1241632305,16.156058237,16.1076174513,16.1410061087,16.1410061087,-0.0318950065091,0.0165457791954,-0.0168428781305,donor_profile,0.0165457791954
104551,637,4863,114688,1,0,16.1941147916,16.240586144,16.2214626721,16.2692931077,16.2692931077,-0.0464713523967,-0.0273478805038,-0.0751783160518,baseline,0
105191,494,3769,114688,9,0,13.0775494385,13.0221607707,13.1015707649,13.0473540431,13.0473540431,0.0553886678094,-0.0240213263924,0.0301953954299,mini_cmix,0.0553886678094
105688,472,3596,114688,9,0,12.272725003,12.2833440316,12.2983455909,12.3102047342,12.3102047342,-0.0106190286317,-0.0256205879095,-0.0374797311999,baseline,0
106163,479,3644,114688,9,0,11.0470399478,11.055721018,11.0524445292,11.0628857841,11.0628857841,-0.00868107027452,-0.00540458146133,-0.0158458363661,baseline,0
106645,469,3570,114688,9,0,10.1602372269,10.2406926531,10.1678073048,10.2497058125,10.2497058125,-0.080455426198,-0.00757007790526,-0.0894685856669,baseline,0
107117,490,3722,114688,9,0,11.4772068484,11.4710269875,11.4657156777,11.4605431099,11.4605431099,0.00617986090435,0.011491170625,0.0166637385095,mini_donor,0.0166637385095
107610,737,5614,114688,6,0,38.9006476472,38.660445209,38.883657446,38.6459257445,38.6459257445,0.240202438249,0.0169902011694,0.254721902681,mini_donor,0.254721902681
108350,474,3613,114688,9,0,10.8858973396,10.9674613042,10.9162323993,10.9999535625,10.9999535625,-0.081563964584,-0.0303350596296,-0.114056222849,baseline,0
108827,478,3644,114688,9,0,9.58199166785,9.70631456207,9.58398509507,9.70960773709,9.70960773709,-0.124322894225,-0.00199342722044,-0.127616069246,baseline,0
109308,829,6345,114688,6,0,47.2360583697,47.2003312913,47.2649371654,47.2333931078,47.2333931078,0.0357270783556,-0.0288787957488,0.00266526182759,mini_cmix,0.0357270783556
110140,431,3274,114688,9,0,13.9250293787,14.0594023046,13.9182312712,14.0542536442,14.0542536442,-0.134372925893,0.00679810748625,-0.129224265456,donor_profile,0.00679810748625
110574,448,3414,114688,9,0,19.8750871259,19.9408916804,19.8907878316,19.9573893431,19.9573893431,-0.0658045545017,-0.0157007057105,-0.0823022172283,baseline,0
111025,466,3550,114688,9,0,12.2107390668,12.315004969,12.1935203484,12.299690031,12.299690031,-0.104265902185,0.0172187184053,-0.0889509641479,donor_profile,0.0172187184053
111494,473,3606,114688,9,0,10.8501520833,10.9311077208,10.8240908392,10.9072757076,10.9072757076,-0.08095563749,0.0260612440698,-0.0571236243579,donor_profile,0.0260612440698
111970,632,4818,114688,9,0,53.7743576162,53.8412471913,53.7197157375,53.7908372778,53.7908372778,-0.0668895750417,0.0546418787781,-0.0164796615467,donor_profile,0.0546418787781
112605,443,3379,114688,9,0,28.0031108399,28.0885050139,28.0932928122,28.1807997441,28.1807997441,-0.0853941740285,-0.0901819722358,-0.177688904159,baseline,0
113051,472,3600,114688,9,0,11.2852647191,11.3948265486,11.3452263573,11.4553141096,11.4553141096,-0.109561829475,-0.0599616381951,-0.170049390495,baseline,0
113526,489,3741,114688,9,0,11.3155142964,11.3817361671,11.3555949833,11.4223598146,11.4223598146,-0.0662218707222,-0.0400806868593,-0.106845518129,baseline,0
114018,545,4165,114688,9,0,55.2936660536,55.2616163694,55.2716051294,55.2395100099,55.2395100099,0.0320496841971,0.0220609241505,0.0541560436643,mini_donor,0.0541560436643
114566,471,3598,114688,9,0,9.52303853915,9.60544892653,9.55874400913,9.64234486453,9.64234486453,-0.08241038738,-0.0357054699834,-0.119306325382,baseline,0
115040,738,5636,114688,6,0,40.2076174156,40.240737099,40.1822727389,40.21737966,40.21737966,-0.0331196833969,0.0253446767456,-0.00976224433009,donor_profile,0.0253446767456
115781,474,3616,114688,9,0,11.2190539858,11.2612801755,11.2272373282,11.2710261411,11.2710261411,-0.042226189636,-0.00818334238465,-0.0519721552369,baseline,0
116258,480,3656,114688,9,0,12.8898959088,12.940613514,12.8986659624,12.9510628076,12.9510628076,-0.0507176052124,-0.00877005362599,-0.0611668987794,baseline,0
116741,474,3613,114688,9,0,10.1462738561,10.2354683605,10.1666146836,10.2570552404,10.2570552404,-0.0891945043991,-0.0203408275174,-0.110781384263,baseline,0
117218,479,3649,114688,9,0,11.9656163288,11.9921489595,11.9791065245,12.0071329065,12.0071329065,-0.0265326307117,-0.0134901957035,-0.0415165777604,baseline,0
117700,467,3555,114688,9,0,10.5820117116,10.6621948852,10.5838592609,10.6653193892,10.6653193892,-0.0801831736305,-0.00184754928887,-0.0833076775996,baseline,0
118170,721,5506,114688,6,0,18.8043236993,18.9313979411,18.7791503089,18.9077719468,18.9077719468,-0.127074241841,0.0251733904397,-0.103448247551,donor_profile,0.0251733904397
118894,481,3661,114688,9,0,12.5098556436,12.496003893,12.5372790181,12.5245918549,12.5245918549,0.0138517506167,-0.0274233744667,-0.0147362113338,mini_cmix,0.0138517506167
119378,475,3615,114688,9,0,9.26554589242,9.3116049583,9.27528505944,9.32256165536,9.32256165536,-0.0460590658801,-0.00973916702515,-0.0570157629433,baseline,0
119856,639,4867,114688,1,0,20.6011431551,20.6597293887,20.5637559612,20.6239363083,20.6239363083,-0.058586233599,0.0373871938145,-0.0227931532406,donor_profile,0.0373871938145
120498,727,5540,114688,6,0,20.1152756403,20.2176103326,20.1109883944,20.2147269499,20.2147269499,-0.102334692272,0.00428724591075,-0.0994513095642,donor_profile,0.00428724591075
121228,519,3962,114688,9,0,27.2386873382,27.1658508203,27.226851073,27.156222821,27.156222821,0.0728365178949,0.0118362651847,0.0824645171316,mini_donor,0.0824645171316
121750,1013,7757,114688,6,0,93.2024910692,93.1159829039,93.2285565881,93.147535902,93.147535902,0.0865081653139,-0.026065518884,0.0549551672204,mini_cmix,0.0865081653139
122766,712,5426,114688,6,0,20.3616563733,20.5406449224,20.3659330656,20.5464649057,20.5464649057,-0.178988549042,-0.00427669229157,-0.184808532378,baseline,0
123481,481,3665,114688,9,0,10.7076145016,10.7836624429,10.7124467663,10.7900004289,10.7900004289,-0.076047941363,-0.00483226474898,-0.0823859272932,baseline,0
123965,850,6459,114688,9,0,66.5379733901,66.5760636584,66.5623128868,66.6052050779,66.6052050779,-0.0380902682755,-0.0243394967574,-0.0672316877963,baseline,0
124818,664,5080,114688,6,0,31.8269250382,31.8236978508,31.7553108486,31.7538364617,31.7538364617,0.00322718740256,0.0716141895718,0.0730885764834,mini_donor,0.0730885764834
125485,466,3555,114688,9,0,11.0618813921,11.2517663666,11.088254697,11.2806692309,11.2806692309,-0.189884974465,-0.0263733048423,-0.218787838766,baseline,0
125954,666,5081,114688,6,0,15.4191873183,15.623297589,15.4252244248,15.63056066,15.63056066,-0.204110270764,-0.00603710647829,-0.211373341722,baseline,0
126623,607,4635,114688,1,0,17.0924384328,17.1935262281,17.1004064751,17.2024888201,17.2024888201,-0.101087795382,-0.00796804237507,-0.110050387354,baseline,0
127233,470,3579,114688,9,0,10.9746594959,10.9525086632,10.9877491915,10.966995634,10.966995634,0.0221508327318,-0.0130896955425,0.0076638618807,mini_cmix,0.0221508327318
127706,642,4906,114688,6,0,16.2114490411,16.2996154603,16.1650628989,16.2540877372,16.2540877372,-0.0881664191747,0.0463861421758,-0.042638696078,donor_profile,0.0463861421758
128351,471,3583,114688,9,0,11.4879818083,11.4643890709,11.4623386344,11.4404849496,11.4404849496,0.0235927373757,0.0256431738771,0.0474968587129,mini_donor,0.0474968587129
128825,736,5630,114688,6,0,19.7483506992,19.7878039559,19.7438053441,19.7843608803,19.7843608803,-0.0394532567323,0.00454535508743,-0.0360101810472,donor_profile,0.00454535508743
129564,473,3605,114688,9,0,12.5050997517,12.5643997613,12.5184310234,12.5791837037,12.5791837037,-0.0593000096435,-0.0133312717717,-0.0740839520561,baseline,0
130040,632,4821,114688,1,0,17.7344650045,17.963233168,17.7524274172,17.9823484405,17.9823484405,-0.228768163531,-0.0179624127613,-0.247883436,baseline,0
130675,474,3608,114688,9,0,10.6984028619,10.698117987,10.7143942325,10.7153986,10.7153986,0.000284874849513,-0.015991370663,-0.0169957381408,mini_cmix,0.000284874849513
131152,661,5040,114688,6,0,14.4674254524,14.5765834929,14.4631409102,14.573091642,14.573091642,-0.109158040555,0.00428454217217,-0.1056661896,donor_profile,0.00428454217217
131816,821,6411,114688,1,0,250.49876233,250.223548746,250.526543058,250.259884558,250.259884558,0.275213583833,-0.0277807282573,0.238877772327,mini_cmix,0.275213583833
132640,464,3535,114688,9,0,9.94794327665,10.0884640477,9.99229596516,10.1348468183,10.1348468183,-0.140520771051,-0.0443526885092,-0.186903541671,baseline,0
133107,464,3538,114688,9,0,9.5061281062,9.58344041909,9.52735214952,9.60641259001,9.60641259001,-0.0773123128949,-0.021224043322,-0.100284483811,baseline,0
133574,683,5225,114688,6,0,20.1584942594,20.3791601525,20.0746208983,20.2951398928,20.2951398928,-0.22066589307,0.0838733610699,-0.136645633435,donor_profile,0.0838733610699
134260,464,3533,114688,9,0,10.0056010353,10.0345262775,10.0205215553,10.0508998576,10.0508998576,-0.0289252421596,-0.0149205200432,-0.0452988223121,baseline,0
134727,677,5174,114688,6,0,13.0276479874,13.1803331583,13.0384820494,13.1922336505,13.1922336505,-0.152685170826,-0.0108340619245,-0.16458566305,baseline,0
135407,684,5210,114688,6,0,15.2110769369,15.2291478513,15.2031076821,15.222124593,15.222124593,-0.0180709144149,0.00796925480881,-0.0110476561483,donor_profile,0.00796925480881
136094,656,5006,114688,6,0,21.9260361821,21.9093816328,21.8500725705,21.8352758408,21.8352758408,0.0166545493405,0.0759636116654,0.0907603413436,mini_donor,0.0907603413436
136753,474,3620,114688,9,0,11.5179667814,11.531177798,11.5248208158,11.539479421,11.539479421,-0.0132110165847,-0.00685403436455,-0.0215126396339,baseline,0
137230,712,5435,114688,6,0,27.8435243352,27.8326449088,27.8156619088,27.8076895359,27.8076895359,0.0108794264655,0.0278624264056,0.0358347993555,mini_donor,0.0358347993555
137945,635,4849,114688,6,0,17.1124157255,17.2014003613,17.1138807908,17.2041941442,17.2041941442,-0.0889846357796,-0.00146506522742,-0.0917784186787,baseline,0
138583,444,3381,114688,9,0,13.2402045195,13.2663817829,13.2718718312,13.3002866527,13.3002866527,-0.026177263393,-0.0316673117113,-0.0600821331509,baseline,0
139030,454,3462,114688,9,0,11.0275483578,11.0884294591,11.0412242503,11.1045087513,11.1045087513,-0.0608811012563,-0.0136758924891,-0.0769603934442,baseline,0
139487,939,7218,114688,9,0,177.033426838,176.718596625,177.039968212,176.733084743,176.733084743,0.314830213256,-0.00654137445963,0.300342094365,mini_cmix,0.314830213256
140429,1065,8153,114688,6,0,122.829533004,123.033844646,122.793453901,123.005002811,123.005002811,-0.20431164187,0.0360791031708,-0.175469807021,donor_profile,0.0360791031708
141497,506,3874,114688,9,0,36.6375500371,36.7654965342,36.6593201239,36.7901766272,36.7901766272,-0.127946497119,-0.0217700867715,-0.152626590087,baseline,0
142006,442,3365,114688,9,0,12.0658807154,12.131818365,12.0880615195,12.1552416474,12.1552416474,-0.0659376496033,-0.0221808041242,-0.0893609319492,baseline,0
142451,444,3377,114688,9,0,8.75923760789,8.94455492972,8.76282419019,8.94989121242,8.94989121242,-0.185317321831,-0.0035865822947,-0.190653604532,baseline,0
142898,720,5508,114688,6,0,19.4029685756,19.6099503573,19.4190376697,19.6288388418,19.6288388418,-0.206981781636,-0.0160690940811,-0.225870266121,baseline,0
143621,1241,9396,114688,9,0,207.348894074,207.121784032,207.348341701,207.134363064,207.134363064,0.227110042256,0.000552373141545,0.214531010281,mini_cmix,0.227110042256
144865,454,3461,114688,9,0,12.4884876863,12.6822956678,12.4984023042,12.6947729757,12.6947729757,-0.193807981481,-0.0099146178809,-0.206285289413,baseline,0
145322,677,5180,114688,6,0,13.3854000276,13.6072259795,13.397134055,13.6202838492,13.6202838492,-0.221825951955,-0.0117340274173,-0.234883821656,baseline,0
146002,565,4317,114688,9,0,50.4902649287,50.3530246263,50.4587373487,50.3258481306,50.3258481306,0.137240302402,0.0315275799767,0.164416798042,mini_donor,0.164416798042
146570,625,4776,114688,1,0,15.8344944187,15.8726461893,15.8228066336,15.8617695418,15.8617695418,-0.0381517706395,0.0116877850687,-0.0272751230644,donor_profile,0.0116877850687
147198,418,3169,114688,9,0,11.7235824142,11.6719794317,11.7527475361,11.7019645005,11.7019645005,0.0516029824873,-0.0291651219231,0.0216179137076,mini_cmix,0.0516029824873
147619,417,3160,114688,9,0,10.6369903534,10.6177479459,10.6391868405,10.6220405874,10.6220405874,0.0192424075672,-0.00219648701841,0.0149497660327,mini_cmix,0.0192424075672
148039,533,4070,114688,9,0,46.4243615443,46.4515667819,46.4413078068,46.4721945139,46.4721945139,-0.0272052376465,-0.0169462625418,-0.0478329695868,baseline,0
148575,556,4228,114688,9,0,34.8072470617,34.8963409901,34.7869476763,34.8772313564,34.8772313564,-0.0890939284347,0.0202993853691,-0.069984294709,donor_profile,0.0202993853691
149134,673,5134,114688,6,0,20.6743397802,20.7087680681,20.6744636558,20.7098701955,20.7098701955,-0.0344282879098,-0.000123875642203,-0.035530415342,baseline,0
149810,448,3408,114688,9,0,10.8908614909,10.9456941047,10.8817276199,10.9378976185,10.9378976185,-0.0548326137731,0.00913387105174,-0.0470361275592,donor_profile,0.00913387105174
150261,1683,13037,114688,1,0,377.817139443,377.994124116,377.92548102,378.125540567,378.125540567,-0.176984673121,-0.108341577614,-0.308401124161,baseline,0
151947,242,1866,114688,1,0,26.8591693132,26.8481571407,26.8481649057,26.8400732713,26.8400732713,0.0110121724992,0.0110044075409,0.0190960418895,mini_donor,0.0190960418895
152192,467,3565,114688,9,0,13.6909555963,13.7875414062,13.6902341131,13.7900112178,13.7900112178,-0.0965858099078,0.000721483224879,-0.0990556214535,donor_profile,0.000721483224879
152662,479,3647,114688,9,0,13.794767366,13.8730207145,13.8085518751,13.8891559361,13.8891559361,-0.0782533484712,-0.0137845091422,-0.0943885701386,baseline,0
153144,514,3928,114688,9,0,41.4539523034,41.514603301,41.5199590497,41.5822354278,41.5822354278,-0.0606509976379,-0.0660067463014,-0.128283124463,baseline,0
153661,447,3414,114688,9,0,12.5398368071,12.5972967043,12.5398233302,12.599633245,12.599633245,-0.0574598972157,1.34768770295e-05,-0.0597964379608,donor_profile,1.34768770295e-05
154111,480,3657,114688,9,0,13.1456566914,13.1273072204,13.1413034586,13.1241877645,13.1241877645,0.0183494709574,0.00435323279908,0.0214689268262,mini_donor,0.0214689268262
154594,475,3619,114688,9,0,12.132186444,12.1918287213,12.1406729446,12.2011586597,12.2011586597,-0.059642277271,-0.00848650051103,-0.0689722156262,baseline,0
155072,465,3540,114688,9,0,12.2427667367,12.2586718806,12.229522601,12.2472740721,12.2472740721,-0.0159051438885,0.0132441357046,-0.00450733543573,donor_profile,0.0132441357046
155540,468,3573,114688,9,0,11.5052489311,11.5605777752,11.5058728021,11.5625957922,11.5625957922,-0.0553288440997,-0.000623870950221,-0.057346861051,baseline,0
156011,482,3679,114688,9,0,11.1196228937,11.1552976939,11.1253609796,11.1625021438,11.1625021438,-0.035674800193,-0.00573808585341,-0.0428792500495,baseline,0
156496,465,3544,114688,9,0,11.3040489098,11.3487224409,11.3255371195,11.3715789475,11.3715789475,-0.0446735310753,-0.0214882097353,-0.0675300376771,baseline,0
156964,464,3528,114688,9,0,11.0230908698,11.0195509189,10.9942284723,10.9926083922,10.9926083922,0.00353995092894,0.0288623974511,0.0304824775577,mini_donor,0.0304824775577
157431,473,3615,114688,9,0,11.8259788458,11.8664602256,11.8619684162,11.9036697612,11.9036697612,-0.0404813797944,-0.0359895703359,-0.0776909153923,baseline,0
157907,464,3538,114688,9,0,9.26132750388,9.34117456402,9.29459750333,9.37616393411,9.37616393411,-0.079847060142,-0.0332699994506,-0.114836430237,baseline,0
158374,544,4141,114688,9,0,26.4198951976,26.4581925048,26.4122635262,26.4536977938,26.4536977938,-0.0382973071729,0.00763167137211,-0.033802596242,donor_profile,0.00763167137211
158921,478,3642,114688,9,0,9.51954315583,9.60832157981,9.52564969103,9.61519405761,9.61519405761,-0.0887784239865,-0.0061065352038,-0.0956509017785,baseline,0
159402,474,3608,114688,9,0,11.4349743125,11.4800153379,11.4259823696,11.471877643,11.471877643,-0.0450410253547,0.00899194289195,-0.0369033305237,donor_profile,0.00899194289195
159879,473,3600,114688,9,0,11.4873735927,11.4616417119,11.4901928678,11.4651210975,11.4651210975,0.025731880827,-0.00281927506603,0.0222524951804,mini_cmix,0.025731880827
160355,472,3594,114688,9,0,10.0457121959,10.0867865515,10.0307772432,10.0729652834,10.0729652834,-0.0410743555777,0.0149349527146,-0.0272530874901,donor_profile,0.0149349527146
160830,457,3472,114688,9,0,16.6732710909,16.8102689594,16.6608206667,16.7993300512,16.7993300512,-0.136997868526,0.0124504241803,-0.12605896029,donor_profile,0.0124504241803
161290,470,3582,114688,9,0,11.6405566345,11.6612687112,11.6457980311,11.6677210946,11.6677210946,-0.0207120767483,-0.00524139666322,-0.027164460139,baseline,0
161763,473,3599,114688,9,0,11.1914856381,11.1803493115,11.2104468516,11.2001427604,11.2001427604,0.0111363265778,-0.0189612135091,-0.00865712228642,mini_cmix,0.0111363265778
162239,466,3549,114688,9,0,8.75178581564,8.8272993027,8.76429797793,8.84071530659,8.84071530659,-0.0755134870602,-0.012512162295,-0.0889294909581,baseline,0
162708,476,3615,114688,9,0,9.69708797873,9.75612437265,9.69256429351,9.75242228506,9.75242228506,-0.0590363939232,0.00452368522201,-0.0553343063334,donor_profile,0.00452368522201
163187,481,3644,114688,9,0,24.951701992,24.7707725461,24.9335584998,24.7547534747,24.7547534747,0.180929445888,0.0181434922006,0.196948517332,mini_donor,0.196948517332
163671,704,5359,114688,6,0,20.6509525588,20.754961284,20.6726341885,20.7779916723,20.7779916723,-0.104008725181,-0.021681629717,-0.127039113497,baseline,0
164378,577,4382,114688,9,0,63.6251497973,63.7752361183,63.5421217252,63.6948098765,63.6948098765,-0.150086320991,0.0830280720602,-0.069660079246,donor_profile,0.0830280720602
164958,466,3547,114688,9,0,10.6053150973,10.6615320088,10.5879597854,10.6457255257,10.6457255257,-0.0562169114382,0.0173553119012,-0.0404104283743,donor_profile,0.0173553119012
165427,479,3654,114688,9,0,10.2014448316,10.2533289801,10.2236357993,10.2770149718,10.2770149718,-0.0518841484765,-0.0221909677575,-0.0755701402496,baseline,0
165909,471,3596,114688,9,0,10.4899480733,10.4481520798,10.5088301553,10.4683653311,10.4683653311,0.041795993554,-0.0188820819976,0.0215827422354,mini_cmix,0.041795993554
166383,614,4699,114688,1,0,14.4968785134,14.6482946551,14.5083133423,14.6605373835,14.6605373835,-0.151416141698,-0.0114348288798,-0.163658870145,baseline,0
167000,474,3612,114688,9,0,10.0926807191,10.1273776626,10.1162117488,10.1522613091,10.1522613091,-0.0346969435143,-0.0235310297076,-0.0595805900159,baseline,0
167477,485,3691,114688,9,0,10.0835096788,10.1102577024,10.0899791505,10.1175692621,10.1175692621,-0.0267480235834,-0.00646947172299,-0.0340595833559,baseline,0
167965,475,3601,114688,9,0,9.12392966694,9.21428535128,9.13451186924,9.22568834421,9.22568834421,-0.09035568434,-0.0105822022979,-0.101758677274,baseline,0
168443,479,3633,114688,9,0,10.8246256231,10.846732702,10.8317691639,10.8545985587,10.8545985587,-0.0221070789084,-0.00714354074535,-0.0299729355993,baseline,0
168925,471,3569,114688,9,0,9.11966161708,9.14151798771,9.12538847086,9.14770548232,9.14770548232,-0.0218563706376,-0.00572685378847,-0.0280438652462,baseline,0
169399,584,4459,114688,9,0,46.3465410358,46.3703044041,46.3624774118,46.3901166892,46.3901166892,-0.023763368298,-0.015936375994,-0.0435756533777,baseline,0
169986,486,3698,114688,9,0,9.88823499721,9.95109927848,9.90409562268,9.9677417556,9.9677417556,-0.062864281265,-0.0158606254654,-0.0795067583837,baseline,0
170475,499,3783,114688,9,0,13.3938544149,13.3100626138,13.3991033188,13.3159829293,13.3159829293,0.083791801033,-0.0052489039881,0.0778714855652,mini_cmix,0.083791801033
170977,479,3640,114688,9,0,8.93244334403,9.02618560719,8.94175383683,9.03589924732,9.03589924732,-0.0937422631677,-0.00931049280916,-0.10345590329,baseline,0
171459,477,3623,114688,9,0,11.3714393605,11.3831344202,11.3770933301,11.3891693781,11.3891693781,-0.0116950596575,-0.00565396959519,-0.0177300175947,baseline,0
171939,473,3595,114688,9,0,9.41907803219,9.47563635613,9.42465374443,9.48168860248,9.48168860248,-0.0565583239386,-0.00557571223817,-0.0626105702877,baseline,0
172415,483,3667,114688,9,0,10.330377986,10.29536715,10.3276170904,10.2928636697,10.2928636697,0.0350108360012,0.00276089562794,0.0375143163506,mini_donor,0.0375143163506
172901,628,4805,114688,9,0,74.5954529063,74.4750120993,74.5824477643,74.4657327817,74.4657327817,0.120440807004,0.0130051419428,0.129720124626,mini_donor,0.129720124626
173532,472,3591,114688,9,0,9.81110257037,9.93296207101,9.81664494373,9.9389773782,9.9389773782,-0.12185950064,-0.00554237335291,-0.127874807829,baseline,0
174007,482,3669,114688,9,0,11.8589092151,11.8184241266,11.8645108427,11.8248584632,11.8248584632,0.0404850884784,-0.00560162758666,0.0340507519445,mini_cmix,0.0404850884784
174492,480,3656,114688,9,0,10.6959814938,10.7496481975,10.7056572045,10.7600461826,10.7600461826,-0.0536667037055,-0.0096757107267,-0.0640646888111,baseline,0
174975,484,3679,114688,9,0,9.23841180873,9.29615806489,9.2429542452,9.30121940722,9.30121940722,-0.0577462561598,-0.00454243647164,-0.0628075984898,baseline,0
175462,709,5387,114688,9,0,75.1829303403,75.163055518,75.2138229037,75.199733055,75.199733055,0.0198748222648,-0.0308925634308,-0.0168027147355,mini_cmix,0.0198748222648
176174,474,3603,114688,9,0,10.0805316854,10.2105671433,10.0753091106,10.2066520482,10.2066520482,-0.130035457858,0.00522257486136,-0.126120362799,donor_profile,0.00522257486136
176651,485,3699,114688,9,0,9.37356344501,9.43341148316,9.38135637641,9.44205301495,9.44205301495,-0.0598480381532,-0.00779293139476,-0.0684895699442,baseline,0
177139,474,3603,114688,9,0,9.51681597592,9.62754742551,9.52183358681,9.6332245732,9.6332245732,-0.110731449588,-0.00501761089163,-0.116408597279,baseline,0
177616,475,3611,114688,9,0,9.96581777767,10.0213535016,9.96648764546,10.022510815,10.022510815,-0.0555357239749,-0.000669867782563,-0.0566930372883,baseline,0
178094,451,3423,114688,9,0,14.5251542718,14.4580752035,14.5132707024,14.4473668225,14.4473668225,0.0670790682525,0.0118835693747,0.0777874493015,mini_donor,0.0777874493015
178548,467,3553,114688,9,0,9.94240718713,10.0022004288,9.91596908919,9.97719286639,9.97719286639,-0.0597932417039,0.026438097937,-0.0347856792558,donor_profile,0.026438097937
179018,476,3622,114688,9,0,11.7419523149,11.7559180841,11.7677706342,11.7826665748,11.7826665748,-0.0139657691874,-0.0258183193118,-0.0407142598591,baseline,0
179497,483,3669,114688,9,0,23.0039930277,23.0544320229,23.004285854,23.0573926993,23.0573926993,-0.0504389951765,-0.000292826245641,-0.0533996715948,baseline,0
179983,600,4577,114688,9,0,48.1069035255,48.138532198,48.09851787,48.1329011162,48.1329011162,-0.0316286725141,0.00838565549111,-0.0259975907451,donor_profile,0.00838565549111
180586,455,3468,114688,9,0,11.038266463,11.1177054507,11.046359977,11.1278819975,11.1278819975,-0.0794389877644,-0.00809351398948,-0.0896155345333,baseline,0
181044,455,3464,114688,9,0,9.91435129702,10.0012218761,9.91360244751,10.0021161597,10.0021161597,-0.0868705791221,0.000748849504816,-0.0877648626696,donor_profile,0.000748849504816
181502,468,3566,114688,9,0,9.09211310389,9.13508384074,9.10557712695,9.14925110885,9.14925110885,-0.0429707368587,-0.0134640230599,-0.057138004968,baseline,0
181973,462,3519,114688,9,0,9.03034437877,9.08993072378,9.04385758728,9.10416477351,9.10416477351,-0.0595863450088,-0.0135132085097,-0.0738203947366,baseline,0
182438,464,3524,114688,9,0,9.49106962542,9.53146708526,9.49599403916,9.53704149965,9.53704149965,-0.0403974598432,-0.00492441374354,-0.045971874237,baseline,0
182905,467,3547,114688,9,0,9.37725980061,9.37190551251,9.38470985335,9.38070792696,9.38070792696,0.00535428810406,-0.0074500527362,-0.00344812634569,mini_cmix,0.00535428810406
183375,474,3598,114688,9,0,8.39778545367,8.47677667846,8.41235839455,8.49217771349,8.49217771349,-0.0789912247867,-0.0145729408805,-0.0943922598146,baseline,0
183852,466,3542,114688,9,0,9.18083322728,9.23483670361,9.17393786923,9.22903590606,9.22903590606,-0.0540034763305,0.00689535805759,-0.0482026787738,donor_profile,0.00689535805759
184321,474,3600,114688,9,0,11.4986333332,11.4964449252,11.4978818972,11.4964902937,11.4964902937,0.00218840797061,0.00075143592494,0.00214303946177,mini_cmix,0.00218840797061
184798,467,3554,114688,9,0,11.6561222455,11.5719149129,11.6513412364,11.5681058019,11.5681058019,0.0842073325775,0.00478100902365,0.0880164435239,mini_donor,0.0880164435239
185268,471,3585,114688,9,0,9.55999577655,9.5954239583,9.57489052918,9.61039809851,9.61039809851,-0.0354281817537,-0.0148947526322,-0.0504023219593,baseline,0
185742,468,3556,114688,9,0,9.91239101606,9.93969791508,9.91626279434,9.94441203747,9.94441203747,-0.027306899017,-0.00387177827997,-0.0320210214147,baseline,0
186213,454,3452,114688,9,0,10.3216179139,10.3454209148,10.3147035893,10.3393094434,10.3393094434,-0.0238030009405,0.00691432454187,-0.0176915294751,donor_profile,0.00691432454187
186670,462,3512,114688,9,0,9.98847352615,10.0002753383,9.99408951825,10.006492098,10.006492098,-0.0118018121937,-0.00561599209959,-0.0180185718207,baseline,0
187135,464,3516,114688,9,0,11.3104784246,11.2971848188,11.3027283652,11.2898217851,11.2898217851,0.0132936057717,0.00775005945161,0.0206566395091,mini_donor,0.0206566395091
187602,412,3117,114688,9,0,12.3449240427,12.3265751022,12.3470815888,12.3292227858,12.3292227858,0.0183489404978,-0.00215754611145,0.0157012568714,mini_cmix,0.0183489404978
188017,876,6761,114688,1,0,75.7079748148,76.0521556109,75.8250074376,76.1769704006,76.1769704006,-0.344180796096,-0.117032622888,-0.468995585876,baseline,0
188896,469,3569,114688,9,0,9.37432444338,9.47457115106,9.42787096032,9.52879596442,9.52879596442,-0.100246707676,-0.0535465169387,-0.154471521042,baseline,0
189368,641,4910,114688,9,0,90.4099179431,90.4682620394,90.4634900349,90.5257132194,90.5257132194,-0.0583440963726,-0.0535720918497,-0.115795276306,baseline,0
190012,440,3350,114688,9,0,10.5971116396,10.643880624,10.6323695915,10.6799946859,10.6799946859,-0.04676898438,-0.0352579518794,-0.0828830462862,baseline,0
190455,711,5438,114688,6,0,14.5525754567,14.6720371057,14.5493887233,14.6691057618,14.6691057618,-0.119461648983,0.00318673335096,-0.11653030515,donor_profile,0.00318673335096
191169,469,3567,114688,9,0,8.90247912464,8.9523229425,8.91919558455,8.97003311703,8.97003311703,-0.0498438178654,-0.016716459917,-0.0675539923884,baseline,0
191641,467,3550,114688,9,0,9.30254294702,9.3733981604,9.31689102197,9.38876203803,9.38876203803,-0.0708552133756,-0.0143480749493,-0.0862190910029,baseline,0
192111,441,3345,114688,9,0,11.7442927611,11.6354788618,11.7482757671,11.6402626749,11.6402626749,0.108813899382,-0.00398300592042,0.104030086245,mini_cmix,0.108813899382
192555,442,3353,114688,9,0,11.9221431216,11.9745950775,11.9280438299,11.9812425913,11.9812425913,-0.0524519559439,-0.00590070831004,-0.0590994696967,baseline,0
193000,446,3386,114688,9,0,11.1706958106,11.1987252321,11.1753151563,11.2048521657,11.2048521657,-0.0280294214533,-0.00461934569103,-0.0341563550771,baseline,0
193449,459,3482,114688,9,0,9.56115234632,9.60278657248,9.56629776444,9.60914254967,9.60914254967,-0.0416342261573,-0.0051454181239,-0.0479902033543,baseline,0
193911,446,3375,114688,9,0,9.65514373438,9.75595085341,9.66864022823,9.77015845688,9.77015845688,-0.100807119034,-0.0134964938561,-0.115014722503,baseline,0
194360,449,3399,114688,9,0,10.0892811737,10.1425849936,10.0855044907,10.1392102029,10.1392102029,-0.0533038198795,0.00377668301189,-0.0499290291813,donor_profile,0.00377668301189
194812,425,3206,114688,9,0,15.401855768,15.2992384055,15.4068193572,15.3054115531,15.3054115531,0.102617362438,-0.00496358919554,0.09644421485,mini_cmix,0.102617362438
195240,513,3885,114688,9,0,48.0286301014,48.0149567516,48.0518575067,48.040726156,48.040726156,0.0136733497993,-0.0232274052823,-0.012096054601,mini_cmix,0.0136733497993
195756,977,7499,114688,9,0,201.787008775,201.745249847,201.834057146,201.801629688,201.801629688,0.041758927616,-0.0470483705712,-0.0146209124548,mini_cmix,0.041758927616
196736,498,3803,114688,9,0,22.4092501827,22.6222721144,22.3978058623,22.6123379944,22.6123379944,-0.213021931725,0.0114443204129,-0.203087811674,donor_profile,0.0114443204129
197237,546,4164,114688,9,0,17.1232540047,17.1902160222,17.121061757,17.1892599712,17.1892599712,-0.0669620174193,0.00219224773628,-0.0660059664132,donor_profile,0.00219224773628
197786,467,3563,114688,9,0,21.35046572,21.2104239247,21.3727781211,21.2347866481,21.2347866481,0.140041795376,-0.0223124010445,0.115679071967,mini_cmix,0.140041795376
198256,459,3501,114688,9,0,11.317016508,11.3665383022,11.32470865,11.3754103217,11.3754103217,-0.049521794156,-0.00769214200591,-0.0583938136923,baseline,0
198718,740,5666,114688,6,0,22.1537281649,22.2783516481,22.1018035777,22.2276267601,22.2276267601,-0.124623483195,0.0519245871255,-0.0738985952344,donor_profile,0.0519245871255
199461,443,3372,114688,9,0,10.3315689107,10.4371614746,10.3305289532,10.4374046428,10.4374046428,-0.105592563924,0.00103995748213,-0.105835732075,donor_profile,0.00103995748213
199907,452,3443,114688,9,0,11.3953266028,11.4097077609,11.3869326938,11.4024874072,11.4024874072,-0.0143811581488,0.00839390902365,-0.00716080447319,donor_profile,0.00839390902365
200362,466,3541,114688,9,0,14.8488827239,14.9621225335,14.8451941829,14.9606990307,14.9606990307,-0.11323980967,0.00368854099634,-0.111816306844,donor_profile,0.00368854099634
200831,455,3462,114688,9,0,10.8815927276,10.9251435357,10.8862236662,10.9306002329,10.9306002329,-0.0435508081118,-0.00463093860026,-0.049007505364,baseline,0
201289,440,3350,114688,9,0,10.5437912769,10.5914679512,10.5557840932,10.604008966,10.604008966,-0.0476766743253,-0.0119928162967,-0.0602176891319,baseline,0
201732,457,3474,114688,9,0,10.9106900535,10.8399556337,10.9200517043,10.8496511309,10.8496511309,0.0707344197122,-0.00936165087296,0.0610389225208,mini_cmix,0.0707344197122
202192,404,3066,114688,9,0,12.6756858287,12.6380138447,12.6687318003,12.6319772858,12.6319772858,0.0376719840324,0.00695402838392,0.0437085428894,mini_donor,0.0437085428894
202599,421,3194,114688,9,0,9.83829822863,9.89339709685,9.84793008491,9.90417144352,9.90417144352,-0.0550988682215,-0.00963185628098,-0.0658732148848,baseline,0
203023,448,3407,114688,9,0,9.42590288987,9.44402755492,9.43923812975,9.45811865644,9.45811865644,-0.0181246650465,-0.0133352398834,-0.0322157665661,baseline,0
203474,506,3834,114688,9,0,28.9301030406,28.929562277,28.9298431354,28.9307417814,28.9307417814,0.000540763576964,0.0002599051777,-0.00063874076136,mini_cmix,0.000540763576964
203983,533,4062,114688,9,0,23.3019438809,23.4954723581,23.272882089,23.4685665267,23.4685665267,-0.193528477131,0.0290617919609,-0.166622645772,donor_profile,0.0290617919609
204519,523,3985,114688,9,0,39.5475718124,39.5763877737,39.5429453436,39.5746230806,39.5746230806,-0.0288159612712,0.00462646881897,-0.0270512681657,donor_profile,0.00462646881897
205045,493,3759,114688,9,0,19.0162785569,19.114852027,19.0428955693,19.1441461802,19.1441461802,-0.0985734700914,-0.0266170123741,-0.12786762328,baseline,0
205541,430,3273,114688,9,0,9.73589201357,9.78133939218,9.74272747712,9.78878082405,9.78878082405,-0.0454473786159,-0.00683546355413,-0.0528888104847,baseline,0
205974,465,3541,114688,9,0,9.11055473457,9.18528465843,9.10552871645,9.18146496064,9.18146496064,-0.074729923856,0.00502601811877,-0.0709102260648,donor_profile,0.00502601811877
206442,443,3369,114688,9,0,10.0704067428,10.0338119534,10.0987019315,10.063565474,10.063565474,0.0365947893803,-0.0282951887739,0.00684126874114,mini_cmix,0.0365947893803
206888,915,7045,114688,6,0,118.504969512,118.380829579,118.493784158,118.375463861,118.375463861,0.124139933431,0.0111853538074,0.129505650733,mini_donor,0.129505650733
207806,439,3341,114688,9,0,9.36166567141,9.4683506758,9.37482232947,9.48231659551,9.48231659551,-0.106685004389,-0.0131566580667,-0.120650924099,baseline,0
208248,439,3343,114688,9,0,9.79347356957,9.91628786495,9.79833061467,9.92228388338,9.92228388338,-0.12281429538,-0.00485704510265,-0.128810313813,baseline,0
208690,453,3447,114688,9,0,11.1246083156,11.1572024761,11.1340132431,11.1677160055,11.1677160055,-0.0325941605264,-0.00940492748123,-0.0431076899316,baseline,0
209146,526,4006,114688,9,0,39.5931079752,39.6502032869,39.5628041089,39.6220293217,39.6220293217,-0.0570953117207,0.0303038663124,-0.0289213464652,donor_profile,0.0303038663124
209675,1253,9710,114688,9,0,369.826017468,370.043403988,369.780272942,370.007886592,370.007886592,-0.217386519566,0.045744526301,-0.181869123965,donor_profile,0.045744526301
210931,1537,11826,114688,6,0,353.282783883,353.251329117,353.203241526,353.190214803,353.190214803,0.0314547661485,0.0795423577856,0.0925690803799,mini_donor,0.0925690803799
212471,566,4318,114688,9,0,29.0679012823,29.2044187708,29.1013400209,29.2408826441,29.2408826441,-0.136517488478,-0.0334387386047,-0.172981361833,baseline,0
213040,938,7222,114688,9,0,173.270457941,173.340298062,173.235406328,173.314969745,173.314969745,-0.069840121519,0.0350516127237,-0.0445118038145,donor_profile,0.0350516127237
213981,516,3900,114688,9,0,17.7962906018,17.9401609681,17.7958266744,17.9419537228,17.9419537228,-0.143870366284,0.000463927437522,-0.145663120999,donor_profile,0.000463927437522
214500,1260,9648,114688,9,0,265.855384812,265.843368307,265.919019049,265.923403869,265.923403869,0.0120165046894,-0.0636342368407,-0.068019056979,mini_cmix,0.0120165046894
215763,532,4030,114688,9,0,22.3325363598,22.4742898936,22.3872415789,22.530648087,22.530648087,-0.141753533811,-0.0547052190741,-0.198111727194,baseline,0
216298,1083,8131,114688,9,0,158.901826996,159.107604675,158.971052247,159.184737636,159.184737636,-0.205777679106,-0.0692252507361,-0.282910639878,baseline,0
217384,758,5774,114688,6,0,36.4593064332,36.6024122942,36.4630301753,36.6086962284,36.6086962284,-0.143105861062,-0.00372374210656,-0.149389795208,baseline,0
218145,536,4058,114688,9,0,15.033557815,15.123889936,15.1010059014,15.1950157597,15.1950157597,-0.0903321209885,-0.0674480864245,-0.161457944742,baseline,0
218684,533,4036,114688,9,0,13.507027908,13.5921564428,13.5094582341,13.5965301588,13.5965301588,-0.0851285347802,-0.00243032615435,-0.0895022507806,baseline,0
219220,1519,11594,114688,9,0,333.351898936,333.937614611,333.278803972,333.881827694,333.881827694,-0.585715674905,0.0730949632771,-0.529928758227,donor_profile,0.0730949632771
220742,511,3863,114688,9,0,21.8626106321,21.8895742223,21.8804934901,21.9094158014,21.9094158014,-0.0269635901656,-0.0178828579601,-0.0468051693002,baseline,0
221256,1203,9199,114688,6,0,181.796628558,181.902508438,181.79457705,181.910898733,181.910898733,-0.105879879786,0.00205150833699,-0.114270174511,donor_profile,0.00205150833699
222462,1137,8734,114688,9,0,250.906145249,251.148465483,250.847951598,251.104075841,251.104075841,-0.242320234022,0.058193650907,-0.197930592329,donor_profile,0.058193650907
223602,740,5621,114688,6,0,30.2555323755,30.4219305177,30.2863017262,30.4559548145,30.4559548145,-0.166398142173,-0.0307693506229,-0.20042243897,baseline,0
224345,488,3694,114688,9,0,22.16826065,22.1087674765,22.132941391,22.0778934848,22.0778934848,0.0594931734674,0.0353192589764,0.0903671652593,mini_donor,0.0903671652593
224836,1117,8511,114688,6,0,145.612683781,145.75405145,145.589842535,145.73874423,145.73874423,-0.141367669003,0.0228412462911,-0.126060448946,donor_profile,0.0228412462911
225956,999,7621,114688,6,0,102.276865158,102.455241229,102.287349047,102.471299912,102.471299912,-0.178376070995,-0.0104838887301,-0.194434753357,baseline,0
226958,529,4016,114688,9,0,17.0698695682,17.1569538576,17.0603410589,17.1491894412,17.1491894412,-0.0870842893765,0.00952850924023,-0.079319873009,donor_profile,0.00952850924023
227490,1026,7826,114688,6,0,101.264196259,101.269929986,101.252212616,101.264645946,101.264645946,-0.00573372721408,0.011983642984,-0.000449687193736,donor_profile,0.011983642984
228519,520,3944,114688,9,0,13.1859579008,13.2447646435,13.195545898,13.2560150079,13.2560150079,-0.0588067426395,-0.00958799713771,-0.0700571071154,baseline,0
229042,528,4002,114688,9,0,14.2730301291,14.3805794938,14.2868251139,14.3962691998,14.3962691998,-0.107549364749,-0.013794984864,-0.123239070759,baseline,0
229573,530,4017,114688,9,0,16.4186157456,16.3964360556,16.4450927208,16.424785269,16.424785269,0.0221796900539,-0.0264769752139,-0.00616952340829,mini_cmix,0.0221796900539
230106,521,3953,114688,9,0,12.8933967237,12.9474623248,12.9076346387,12.9627667507,12.9627667507,-0.0540656010346,-0.014237914992,-0.0693700269924,baseline,0
230630,511,3872,114688,9,0,15.8102912235,15.7637632255,15.8285018112,15.7831742389,15.7831742389,0.0465279980132,-0.0182105876684,0.0271169846379,mini_cmix,0.0465279980132
231144,500,3782,114688,9,0,19.5381924976,19.493702196,19.5225641948,19.4801460636,19.4801460636,0.0444903016033,0.0156283028591,0.0580464340911,mini_donor,0.0580464340911
231647,523,3974,114688,9,0,11.9844877918,12.0980094127,12.010158479,12.1255913954,12.1255913954,-0.113521620906,-0.0256706871542,-0.141103603613,baseline,0
232173,515,3910,114688,9,0,12.0531580979,12.0749565791,12.071997913,12.0958602473,12.0958602473,-0.0217984812134,-0.0188398151004,-0.0427021494479,baseline,0
232691,636,4833,114688,9,0,49.6603510231,49.655338374,49.6941953812,49.6938196407,49.6938196407,0.00501264912168,-0.0338443581149,-0.0334686175436,mini_cmix,0.00501264912168
233330,515,3899,114688,9,0,15.3075201356,15.3431082152,15.3203658644,15.3575624456,15.3575624456,-0.035588079613,-0.0128457287783,-0.0500423099863,baseline,0
233848,541,4093,114688,9,0,25.8074648942,25.779552658,25.7635654137,25.7380655497,25.7380655497,0.0279122361439,0.0438994804599,0.0693993445034,mini_donor,0.0693993445034
234392,992,7488,114688,6,0,73.9501049381,74.1315187124,73.8661288753,74.0550373954,74.0550373954,-0.181413774293,0.0839760627259,-0.104932457351,donor_profile,0.0839760627259
235387,704,5375,114688,9,0,84.9412924442,84.9736693004,84.9585744925,84.9963427697,84.9963427697,-0.03237685622,-0.017282048324,-0.0550503254724,baseline,0
236094,1590,12236,114688,6,0,360.320764425,360.407594308,360.287651313,360.393188707,360.393188707,-0.0868298832532,0.0331131117409,-0.0724242825667,donor_profile,0.0331131117409
237687,526,3982,114688,9,0,19.7957626666,19.9873629828,19.8533333095,20.0477306098,20.0477306098,-0.191600316226,-0.0575706429272,-0.251967943245,baseline,0
238216,3388,25970,114688,6,0,1076.73245954,1076.65631715,1076.48894148,1076.46323291,1076.46323291,0.0761423894812,0.243518059787,0.269226632608,mini_donor,0.269226632608
241607,3999,30974,114688,6,0,1429.78806153,1430.26112414,1429.77481714,1430.30618522,1430.30618522,-0.473062604876,0.0132443907714,-0.518123685439,donor_profile,0.0132443907714
245609,5104,39097,114688,6,0,1451.53791993,1452.09136261,1451.41840782,1452.04278406,1452.04278406,-0.553442676382,0.119512110537,-0.504864134035,donor_profile,0.119512110537
250716,532,4036,114688,9,0,19.0550382638,19.205115669,19.0997383668,19.2525244366,19.2525244366,-0.150077405163,-0.0447001030179,-0.197486172754,baseline,0
251251,530,4021,114688,9,0,13.0967376952,13.2582170914,13.1476703124,13.3107185923,13.3107185923,-0.161479396287,-0.0509326172669,-0.213980897158,baseline,0
251784,527,3997,114688,9,0,15.4759473109,15.4779034367,15.5095131064,15.5138454887,15.5138454887,-0.00195612584128,-0.0335657955147,-0.0378981778548,baseline,0
252314,763,5797,114688,9,0,96.060698317,96.2736296414,96.1124042582,96.3315802306,96.3315802306,-0.212931324384,-0.0517059411586,-0.270881913597,baseline,0
253080,755,5706,114688,9,0,112.799777706,112.818340767,112.878687296,112.904198944,112.904198944,-0.0185630612605,-0.0789095901946,-0.104421237373,baseline,0
253838,513,3889,114688,9,0,14.4053399084,14.621434353,14.4570152264,14.6754304744,14.6754304744,-0.216094444664,-0.0516753179927,-0.270090565989,baseline,0
254354,521,3948,114688,9,0,15.8834609262,16.0608528215,15.9055839551,16.084814086,16.084814086,-0.177391895313,-0.0221230289262,-0.201353159824,baseline,0
254878,530,4012,114688,9,0,19.9049250135,19.9291797175,19.9413186173,19.9689915745,19.9689915745,-0.0242547039281,-0.0363936037875,-0.0640665609146,baseline,0
255411,525,3990,114688,9,0,15.3651764543,15.4512317799,15.3744405305,15.4619376034,15.4619376034,-0.0860553255736,-0.00926407623774,-0.0967611490944,baseline,0
255939,534,4046,114688,9,0,13.7420624062,13.7604116469,13.7464753372,13.7660594629,13.7660594629,-0.018349240684,-0.0044129309108,-0.0239970566689,baseline,0
256476,520,3935,114688,9,0,15.1336955648,15.1581439627,15.1275569908,15.1532209951,15.1532209951,-0.0244483978495,0.00613857399276,-0.0195254302826,donor_profile,0.00613857399276
256999,523,3957,114688,9,0,14.6321015312,14.6634015811,14.6472054875,14.6801773058,14.6801773058,-0.0313000498397,-0.0151039562625,-0.0480757745734,baseline,0
257525,519,3934,114688,9,0,12.3791941867,12.466431369,12.3833361229,12.471249391,12.471249391,-0.0872371822759,-0.00414193613688,-0.0920552042242,baseline,0
258047,515,3894,114688,9,0,10.8407342395,10.8642391158,10.8431238748,10.8673104776,10.8673104776,-0.0235048762611,-0.00238963533502,-0.0265762381027,baseline,0
258565,523,3965,114688,9,0,12.8691306288,12.9589312446,12.869627859,12.9604805388,12.9604805388,-0.0898006158131,-0.000497230203109,-0.0913499100297,baseline,0
259091,559,4228,114688,9,0,25.2835808197,25.2712135445,25.2904980752,25.2797980996,25.2797980996,0.01236727523,-0.00691725552224,0.00378272006242,mini_cmix,0.01236727523
259653,828,6255,114688,9,0,144.500434412,144.264312018,144.6335245,144.407050161,144.407050161,0.236122394004,-0.133090088189,0.0933842509963,mini_cmix,0.236122394004
260484,529,4009,114688,9,0,13.6957457476,13.764645003,13.6996155027,13.769729882,13.769729882,-0.0688992553364,-0.00386975507536,-0.0739841343325,baseline,0
261016,527,4001,114688,9,0,13.0999962487,13.1757621847,13.1132070532,13.1897958772,13.1897958772,-0.075765935982,-0.0132108045027,-0.0897996284971,baseline,0
261546,533,4047,114688,9,0,13.2886794633,13.362552287,13.2995465344,13.3743831564,13.3743831564,-0.0738728237117,-0.0108670711688,-0.0857036931344,baseline,0
262082,528,4008,114688,9,0,9.40069670361,9.46634118275,9.40519930529,9.47145587003,9.47145587003,-0.0656444791464,-0.00450260167872,-0.0707591664193,baseline,0
262613,527,3993,114688,9,0,12.2258781287,12.2659647062,12.2269188207,12.2673779223,12.2673779223,-0.0400865774382,-0.00104069199733,-0.0414997935204,baseline,0
263143,538,4087,114688,9,0,16.3171127877,16.2446820243,16.3189559214,16.2470647307,16.2470647307,0.0724307633409,-0.00184313370119,0.0700480569394,mini_cmix,0.0724307633409
263684,535,4050,114688,9,0,11.7895569576,11.9007471936,11.7922226623,11.9039839399,11.9039839399,-0.111190235986,-0.002665704641,-0.114426982236,baseline,0
264222,287,2182,114688,1,0,4.93294517471,4.95643716445,4.91298088316,4.93861823914,4.93861823914,-0.0234919897435,0.0199642915486,-0.00567306443338,donor_profile,0.0199642915486
264512,518,3921,114688,9,0,12.1218756594,12.1422470941,12.1288355712,12.149962431,12.149962431,-0.0203714346859,-0.00695991175962,-0.0280867715888,baseline,0
265033,531,4027,114688,9,0,15.2153445097,15.1897033735,15.2155400431,15.1904850722,15.1904850722,0.0256411361423,-0.000195533383703,0.0248594374833,mini_cmix,0.0256411361423
265567,472,3576,114688,9,0,14.2418610127,14.1830142264,14.276387844,14.2171703958,14.2171703958,0.058846786389,-0.0345268312631,0.0246906169004,mini_cmix,0.058846786389
266042,478,3623,114688,9,0,12.7347250786,12.815414999,12.7337493207,12.8153266789,12.8153266789,-0.0806899204591,0.000975757881861,-0.0806016003518,donor_profile,0.000975757881861
266523,471,3568,114688,9,0,12.6427703907,12.7069063423,12.6483310145,12.7130727347,12.7130727347,-0.0641359516596,-0.00556062388659,-0.0703023440785,baseline,0
266997,757,5748,114688,9,0,113.727238365,113.560883904,113.691013263,113.530105549,113.530105549,0.166354461044,0.0362251026472,0.197132816587,mini_donor,0.197132816587
267757,474,3574,114688,9,0,14.3561464292,14.489470921,14.3697838605,14.504984375,14.504984375,-0.133324491809,-0.013637431377,-0.148837945883,baseline,0
268234,490,3704,114688,9,0,14.3798287868,14.4494332147,14.3928376811,14.463643173,14.463643173,-0.0696044278664,-0.0130088943088,-0.083814386179,baseline,0
268727,473,3573,114688,9,0,11.9595125809,11.9763318956,11.9667019487,11.9841904778,11.9841904778,-0.0168193147069,-0.0071893677341,-0.0246778968208,baseline,0
269203,474,3580,114688,9,0,11.9887998612,12.0357730694,11.9906226358,12.0382625875,12.0382625875,-0.0469732081718,-0.00182277455133,-0.0494627262768,baseline,0
269680,904,6874,114688,6,0,77.7536398793,77.7347901449,77.6815236689,77.6668854731,77.6668854731,0.0188497343291,0.0721162103619,0.0867544061479,mini_donor,0.0867544061479
270587,717,5447,114688,6,0,21.3022511955,21.4821117843,21.2510915307,21.4316662897,21.4316662897,-0.179860588791,0.051159664793,-0.129415094126,donor_profile,0.051159664793
271307,518,3910,114688,9,0,13.3618464307,13.3523828247,13.3480105461,13.3393674398,13.3393674398,0.00946360606554,0.0138358846061,0.022478990885,mini_donor,0.022478990885
271828,516,3899,114688,9,0,22.7791914096,22.8033573251,22.81899085,22.8455797931,22.8455797931,-0.0241659155239,-0.0397994404475,-0.0663883834962,baseline,0
272347,746,5667,114688,6,0,28.6064426206,28.6918229034,28.6128216998,28.6996818806,28.6996818806,-0.0853802828681,-0.00637907924738,-0.0932392600009,baseline,0
273096,478,3622,114688,9,0,13.1359895874,13.2606714834,13.1535707798,13.2802221764,13.2802221764,-0.124681895964,-0.0175811924273,-0.144232588929,baseline,0
273577,478,3614,114688,9,0,13.1991518156,13.2057402858,13.2091554886,13.2168081888,13.2168081888,-0.00658847018713,-0.0100036729773,-0.0176563731084,baseline,0
274058,461,3486,114688,9,0,16.2978569957,16.3052017121,16.3199255939,16.329105085,16.329105085,-0.00734471635531,-0.0220685982231,-0.0312480892884,baseline,0
274522,469,3561,114688,9,0,13.780781699,13.8387192706,13.7854747567,13.8450485132,13.8450485132,-0.0579375716163,-0.00469305763272,-0.0642668141484,baseline,0
274994,485,3670,114688,9,0,9.88888339911,9.99770208498,9.89349810231,10.0033133999,10.0033133999,-0.108818685871,-0.00461470319533,-0.114430000772,baseline,0
275482,480,3636,114688,9,0,12.8261995951,12.8166586763,12.8297764154,12.8208187134,12.8208187134,0.00954091883398,-0.00357682027879,0.00538088174983,mini_cmix,0.00954091883398
275965,471,3559,114688,9,0,11.5821746064,11.5621308147,11.5840022029,11.5644674161,11.5644674161,0.020043791733,-0.00182759645122,0.0177071903246,mini_cmix,0.020043791733
276439,476,3594,114688,9,0,13.7812917573,13.8155013222,13.7869185247,13.8217063089,13.8217063089,-0.034209564936,-0.00562676744903,-0.0404145516525,baseline,0
276918,478,3611,114688,9,0,10.4313110689,10.4710295769,10.4333320464,10.4734162078,10.4734162078,-0.0397185079829,-0.00202097750207,-0.0421051389213,baseline,0
277399,465,3522,114688,9,0,13.2808144697,13.2068710326,13.2801503768,13.2068141423,13.2068141423,0.0739434371267,0.000664092839543,0.0740003273427,mini_donor,0.0740003273427
277867,447,3367,114688,9,0,10.9240033491,10.9708792751,10.9559604118,11.0025315072,11.0025315072,-0.0468759259842,-0.0319570626716,-0.0785281580178,baseline,0
278317,459,3463,114688,9,0,13.9158678369,13.886768311,13.9106715592,13.8822296167,13.8822296167,0.0290995258481,0.00519627771519,0.0336382201947,mini_donor,0.0336382201947
278779,275,2094,114688,1,0,6.50953627673,6.46865286533,6.50591583281,6.46543126273,6.46543126273,0.0408834114049,0.00362044392205,0.0441050139997,mini_donor,0.0441050139997
279057,470,3552,114688,9,0,9.70160279178,9.80801769673,9.71643632978,9.82379990625,9.82379990625,-0.106414904952,-0.0148335380027,-0.12219711447,baseline,0
279530,463,3493,114688,9,0,10.9776486488,10.9882423157,10.9769948376,10.9884844347,10.9884844347,-0.0105936669536,0.000653811163829,-0.0108357859065,donor_profile,0.000653811163829
279996,477,3603,114688,9,0,12.4798477652,12.4553528588,12.4865196569,12.4629688886,12.4629688886,0.0244949064406,-0.00667189164324,0.0168788765748,mini_cmix,0.0244949064406
280476,461,3485,114688,9,0,9.73059316524,9.76334241489,9.73546180234,9.76898437429,9.76898437429,-0.0327492496519,-0.00486863709466,-0.0383912090513,baseline,0
280940,480,3624,114688,9,0,10.5327660964,10.584760076,10.5385322472,10.5912200815,10.5912200815,-0.0519939796299,-0.0057661507517,-0.0584539851365,baseline,0
281423,470,3553,114688,9,0,13.1455456776,13.1159345106,13.1528824788,13.1242856566,13.1242856566,0.0296111669513,-0.00733680125359,0.0212600210371,mini_cmix,0.0296111669513
281896,469,3542,114688,9,0,11.7972932867,11.8248839089,11.7968138749,11.8251028178,11.8251028178,-0.0275906221899,0.000479411737615,-0.0278095310854,donor_profile,0.000479411737615
282368,283,2154,114688,1,0,7.10294253971,7.05703903293,7.10118135375,7.05625819158,7.05625819158,0.0459035067826,0.00176118596664,0.04668434813,mini_donor,0.04668434813
282654,479,3628,114688,9,0,11.4899724542,11.550062071,11.5003052613,11.5614804626,11.5614804626,-0.0600896168116,-0.0103328071427,-0.0715080084537,baseline,0
283136,502,3789,114688,9,0,15.2430977124,15.3105422754,15.2670817023,15.3344617704,15.3344617704,-0.0674445629656,-0.0239839899014,-0.091364057922,baseline,0
283641,475,3586,114688,9,0,12.4984611526,12.5239103822,12.4756594231,12.5021183267,12.5021183267,-0.0254492295697,0.0228017294448,-0.00365717407283,donor_profile,0.0228017294448
284119,717,5437,114688,9,0,87.6455143786,87.6258615245,87.6706068364,87.6550825242,87.6550825242,0.0196528540107,-0.025092457865,-0.00956814567712,mini_cmix,0.0196528540107
284839,505,3823,114688,9,0,17.9899559508,18.0277713246,18.0063315144,18.0460819529,18.0460819529,-0.0378153737984,-0.0163755635995,-0.0561260021332,baseline,0
285347,475,3593,114688,9,0,11.0391823521,11.1245420819,11.0801313663,11.1655388489,11.1655388489,-0.0853597298061,-0.0409490142083,-0.126356496815,baseline,0
285825,464,3516,114688,9,0,10.7084806174,10.7801642613,10.7245807934,10.7972780146,10.7972780146,-0.0716836439274,-0.0161001760471,-0.088797397239,baseline,0
286292,474,3584,114688,9,0,12.4398175418,12.4472237157,12.4421544115,12.45118871,12.45118871,-0.00740617385873,-0.00233686968295,-0.0113711681588,baseline,0
286769,483,3661,114688,9,0,16.0246942507,15.9773171732,16.0236538914,15.9777075321,15.9777075321,0.0473770774952,0.00104035929871,0.0469867186366,mini_cmix,0.0473770774952
287255,455,3492,114688,1,0,80.0979296359,79.9914798923,80.0881395269,79.9841978022,79.9841978022,0.106449743613,0.00979010897026,0.11373183365,mini_donor,0.11373183365
287713,279,2122,114688,1,0,4.36270647009,4.40026753293,4.38129201167,4.41983336475,4.41983336475,-0.0375610628415,-0.0185855415775,-0.0571268946586,baseline,0
287995,971,7343,114688,6,0,124.745538485,124.734708744,124.729735366,124.729243712,124.729243712,0.0108297404552,0.0158031185929,0.016294773148,mini_donor,0.016294773148
288969,586,4457,114688,9,0,30.9832963692,31.1588540115,30.9500125898,31.1294124244,31.1294124244,-0.175557642321,0.0332837794194,-0.146116055254,donor_profile,0.0332837794194
289558,523,3963,114688,9,0,11.5674655363,11.633904651,11.6017902944,11.6694548646,11.6694548646,-0.0664391146265,-0.0343247580913,-0.101989328267,baseline,0
290084,522,3946,114688,9,0,12.3953931618,12.4147688904,12.4111953536,12.4321511953,12.4321511953,-0.0193757286287,-0.0158021918414,-0.0367580334895,baseline,0
290609,534,4039,114688,9,0,14.8105566567,14.8271141598,14.8345370376,14.8533658718,14.8533658718,-0.0165575031181,-0.0239803809154,-0.0428092151199,baseline,0
291146,873,6607,114688,9,0,116.709362705,116.730838785,116.682004296,116.711828688,116.711828688,-0.02147607978,0.0273584094366,-0.00246598276419,donor_profile,0.0273584094366
292022,508,3848,114688,9,0,13.1170858235,13.1042352436,13.1086384595,13.0975821621,13.0975821621,0.0128505799452,0.00844736399813,0.0195036614563,mini_donor,0.0195036614563
292533,526,3984,114688,9,0,14.9277122049,14.9593491934,14.932304751,14.9656179407,14.9656179407,-0.0316369884961,-0.00459254611451,-0.0379057357698,baseline,0
293062,500,3780,114688,9,0,12.7326934386,12.7830166394,12.7183389676,12.7705908638,12.7705908638,-0.0503232007607,0.0143544710299,-0.0378974252028,donor_profile,0.0143544710299
293565,521,3942,114688,9,0,11.2851400768,11.3401659264,11.2926118509,11.3491587779,11.3491587779,-0.0550258496595,-0.00747177407266,-0.0640187011385,baseline,0
294089,921,7039,114688,9,0,147.636072226,147.662385729,147.635166119,147.667147705,147.667147705,-0.0263135032505,0.000906106897673,-0.0310754785428,donor_profile,0.000906106897673
295013,525,3969,114688,9,0,12.6766082145,12.7905236482,12.6994449731,12.8156398431,12.8156398431,-0.11391543366,-0.0228367586196,-0.139031628618,baseline,0
295541,502,3781,114688,9,0,15.5210728072,15.4993593721,15.4845669877,15.4644211674,15.4644211674,0.0217134351847,0.0365058195212,0.0566516398717,mini_donor,0.0566516398717
296046,528,3989,114688,9,0,11.7950378494,11.9209000362,11.826044624,11.9528179726,11.9528179726,-0.125862186845,-0.0310067746095,-0.157780123261,baseline,0
296577,538,4062,114688,9,0,12.6529776579,12.756513005,12.6878617662,12.7926668185,12.7926668185,-0.103535347105,-0.0348841082528,-0.139689160616,baseline,0
297118,525,3965,114688,9,0,10.3560761481,10.4054509526,10.379840843,10.4306008213,10.4306008213,-0.0493748044531,-0.0237646949049,-0.074524673127,baseline,0
297646,524,3961,114688,9,0,13.0242545357,13.0194876677,13.0331081478,13.0293346536,13.0293346536,0.00476686804075,-0.00885361208293,-0.00508011785689,mini_cmix,0.00476686804075
298173,276,2101,114688,1,0,6.43461918814,6.39321124608,6.44372698795,6.40311728213,6.40311728213,0.0414079420517,-0.00910779981677,0.0315019060018,mini_cmix,0.0414079420517
298452,521,3940,114688,9,0,12.8728877275,12.9309411395,12.8907063338,12.9497385958,12.9497385958,-0.0580534120152,-0.0178186063822,-0.0768508683839,baseline,0
298976,660,4992,114688,9,0,77.8044313358,77.8026814563,77.806440014,77.8078365604,77.8078365604,0.00174987948856,-0.00200867824606,-0.00340522459294,mini_cmix,0.00174987948856
299639,508,3852,114688,9,0,10.1231708785,10.2658976588,10.1343988657,10.2788028518,10.2788028518,-0.142726780313,-0.0112279872546,-0.155631973307,baseline,0
300150,515,3903,114688,9,0,9.10534178692,9.20668085102,9.11510338167,9.21725761232,9.21725761232,-0.101339064098,-0.0097615947434,-0.111915825398,baseline,0
300668,524,3968,114688,9,0,11.788151371,11.8377970512,11.7941515682,11.8444763508,11.8444763508,-0.0496456801393,-0.00600019712147,-0.0563249798079,baseline,0
301195,522,3952,114688,9,0,11.8494979718,11.8488501358,11.8512566622,11.8512509986,11.8512509986,0.000647835991685,-0.00175869040322,-0.0017530267744,mini_cmix,0.000647835991685
301720,524,3963,114688,9,0,10.2447677729,10.3022738734,10.2504422695,10.3084324816,10.3084324816,-0.0575061005147,-0.00567449665232,-0.0636647087977,baseline,0
302247,524,3967,114688,9,0,9.33499282302,9.37977075268,9.33912069554,9.38442061989,9.38442061989,-0.0447779296568,-0.00412787251844,-0.0494277968677,baseline,0
302774,874,6687,114688,1,0,78.5130303098,78.5622466756,78.4256248694,78.4784849061,78.4784849061,-0.0492163657831,0.0874054404485,0.0345454036902,donor_profile,0.0874054404485
303651,544,4115,114688,9,0,19.1283511569,19.1242354942,19.15229759,19.150010457,19.150010457,0.0041156626653,-0.023946433068,-0.0216593000528,mini_cmix,0.0041156626653
304198,517,3912,114688,9,0,10.9856280114,11.0679887613,10.9967314472,11.0800090675,11.0800090675,-0.082360749964,-0.0111034358006,-0.0943810561373,baseline,0
304718,750,5729,114688,9,0,131.857083068,131.811677998,131.867090434,131.82649907,131.82649907,0.0454050705378,-0.0100073656222,0.0305839981695,mini_cmix,0.0454050705378
305471,527,3991,114688,9,0,11.1530070034,11.245150107,11.168778293,11.2618982782,11.2618982782,-0.09214310355,-0.015771289598,-0.108891274793,baseline,0
306001,536,4050,114688,9,0,11.0905784085,11.1350307043,11.0966828509,11.1417183086,11.1417183086,-0.0444522958492,-0.00610444241283,-0.0511399001439,baseline,0
306540,488,3699,114688,9,0,12.1569417265,12.2027944376,12.1616193622,12.2082203879,12.2082203879,-0.0458527110845,-0.00467763571669,-0.0512786613776,baseline,0
307031,530,4004,114688,9,0,14.5561957011,14.5703554508,14.575558358,14.5906964906,14.5906964906,-0.0141597496532,-0.0193626568671,-0.034500789474,baseline,0
307564,840,6397,114688,6,0,36.6692899255,36.7772475628,36.5960466109,36.7052828948,36.7052828948,-0.107957637298,0.0732433146231,-0.0359929693291,donor_profile,0.0732433146231
308407,284,2165,114688,1,0,5.30861529315,5.32200848788,5.3212056461,5.33551571495,5.33551571495,-0.0133931947362,-0.0125903529561,-0.026900421803,baseline,0
308694,519,3921,114688,9,0,11.2095995778,11.2900799205,11.215920942,11.2972207828,11.2972207828,-0.080480342698,-0.0063213641406,-0.0876212049524,baseline,0
309216,525,3961,114688,9,0,14.7041241138,14.5566591946,14.7047750446,14.5585297513,14.5585297513,0.147464919205,-0.000650930770462,0.14559436256,mini_cmix,0.147464919205
309744,528,3991,114688,9,0,12.1932936966,12.1736543523,12.2039615497,12.1853709831,12.1853709831,0.019639344289,-0.0106678530938,0.00792271349712,mini_cmix,0.019639344289
310275,455,3419,114688,9,0,10.1607093481,10.1856769873,10.1625309401,10.1885342656,10.1885342656,-0.0249676392459,-0.00182159200267,-0.0278249175162,baseline,0
310733,516,3894,114688,9,0,8.83997241188,8.92228971388,8.84585085775,8.92883414747,8.92883414747,-0.0823173020008,-0.00587844586789,-0.0888617355859,baseline,0
311252,522,3935,114688,9,0,11.4194472619,11.4394532672,11.4031056177,11.4240371841,11.4240371841,-0.0200060052562,0.0163416442183,-0.00458992213817,donor_profile,0.0163416442183
311777,17137,125748,114688,9,0,2398.24348004,2399.19899508,2398.25904343,2399.27469448,2399.27469448,-0.955515040043,-0.0155633956692,-1.03121443812,baseline,0
328917,586,4493,114688,1,0,139.191089603,139.301841866,139.210810788,139.329561142,139.329561142,-0.110752262969,-0.0197211849409,-0.138471539106,baseline,0
329506,369,2817,114688,1,0,59.0762209123,59.1682325906,59.0707608572,59.1684000355,59.1684000355,-0.092011678296,0.00546005504475,-0.0921791232328,donor_profile,0.00546005504475
329878,419,3179,114688,9,0,124.006705846,124.427608144,124.056519497,124.483864291,124.483864291,-0.420902297471,-0.0498136502129,-0.477158445133,baseline,0
330300,417,3159,114688,9,0,51.0177497084,51.2196928561,51.0075850508,51.2140625519,51.2140625519,-0.20194314777,0.0101646575467,-0.196312843504,donor_profile,0.0101646575467
330720,425,3229,114688,9,0,42.4695949177,42.6512648531,42.4603006691,42.6455180997,42.6455180997,-0.181669935384,0.00929424861351,-0.175923181998,donor_profile,0.00929424861351
331148,419,3183,114688,1,0,71.6598309175,71.7111818208,71.6993524543,71.7570301177,71.7570301177,-0.0513509032862,-0.0395215367871,-0.0971992002405,baseline,0
331570,360,2736,114688,1,0,50.9254165523,51.0598591623,50.9200532915,51.0584456403,51.0584456403,-0.134442610071,0.00536326079327,-0.133029088041,donor_profile,0.00536326079327
331933,441,3337,114688,9,0,44.2566713462,44.3445008485,44.2824982428,44.3723315842,44.3723315842,-0.0878295022865,-0.0258268965927,-0.115660237999,baseline,0
332377,497,3800,114688,1,0,78.8375757165,78.8584029226,78.7595027374,78.786418294,78.786418294,-0.0208272061174,0.0780729790877,0.0511574224864,donor_profile,0.0780729790877
332877,629,4809,114688,1,0,129.994195409,130.238116109,129.960437406,130.213546011,130.213546011,-0.243920699431,0.0337580030528,-0.219350601953,donor_profile,0.0337580030528
333509,531,4047,114688,9,0,54.2445315266,54.2973441569,54.2346491577,54.2919837436,54.2919837436,-0.0528126302572,0.00988236890498,-0.0474522170173,donor_profile,0.00988236890498
334043,417,3168,114688,9,0,44.3298414168,44.3975948855,44.3448036739,44.4159140273,44.4159140273,-0.0677534686339,-0.0149622570707,-0.0860726104839,baseline,0
334463,424,3230,114688,9,0,26.6132690052,26.8555604816,26.6360041886,26.8803231884,26.8803231884,-0.242291476304,-0.0227351833128,-0.267054183185,baseline,0
334890,447,3396,114688,9,0,21.5220211461,21.6186163055,21.5327510973,21.6316147191,21.6316147191,-0.0965951593417,-0.0107299512147,-0.109593572974,baseline,0
335340,402,3087,114688,1,0,42.0195508453,42.0008104677,42.0045846944,41.9891639741,41.9891639741,0.0187403775861,0.0149661508431,0.0303868711525,mini_donor,0.0303868711525
335745,531,4022,114688,9,0,36.9408866778,37.0949829587,36.9476991019,37.1039241574,37.1039241574,-0.15409628091,-0.00681242414976,-0.163037479628,baseline,0
336279,503,3833,114688,9,0,40.2338494124,40.3518041195,40.2330391339,40.3526020105,40.3526020105,-0.117954707075,0.000810278463177,-0.118752598156,donor_profile,0.000810278463177
336785,452,3449,114688,9,0,22.8314726705,22.8412438754,22.83232261,22.8433947385,22.8433947385,-0.00977120493303,-0.000849939492582,-0.011922068021,baseline,0
337240,457,3514,114688,1,0,67.9260202455,67.9596795754,67.9306051012,67.9686865083,67.9686865083,-0.0336593298625,-0.00458485564741,-0.042666262766,baseline,0
337700,712,5406,114688,9,0,99.9037314641,99.7820145491,99.9223354277,99.8077341667,99.8077341667,0.121716914981,-0.0186039635746,0.0959972973836,mini_cmix,0.121716914981
338415,475,3612,114688,9,0,30.6759900806,30.8310872956,30.7112250093,30.8695835131,30.8695835131,-0.155097215013,-0.0352349287386,-0.193593432497,baseline,0
338893,454,3483,114688,9,0,44.6661695184,44.8288950266,44.6869299752,44.8524736394,44.8524736394,-0.162725508191,-0.0207604567577,-0.186304120985,baseline,0
339350,421,3238,114688,1,0,67.8720848242,67.9283957282,67.8682210885,67.9289202452,67.9289202452,-0.0563109039896,0.00386373564379,-0.056835421031,donor_profile,0.00386373564379
339774,293,2260,114688,1,0,24.2945578554,24.327205398,24.2813644748,24.315928649,24.315928649,-0.0326475425771,0.0131933806833,-0.0213707935271,donor_profile,0.0131933806833
340070,410,3152,114688,9,0,26.7873869088,26.9824613311,26.7922951493,26.9890329655,26.9890329655,-0.1950744223,-0.0049082405103,-0.201646056694,baseline,0
340483,486,3729,114688,1,0,77.5623105854,77.4265596122,77.5860633563,77.4546706072,77.4546706072,0.135750973168,-0.0237527709096,0.107639978172,mini_cmix,0.135750973168
340972,451,3472,114688,9,0,48.966656224,49.0394424025,48.9474278624,49.0232102328,49.0232102328,-0.0727861785196,0.0192283615206,-0.0565540088161,donor_profile,0.0192283615206
341426,457,3534,114688,9,0,37.8813558886,38.1409557133,37.9461370149,38.2095910976,38.2095910976,-0.259599824727,-0.0647811262725,-0.328235209047,baseline,0
341886,4520,34794,114688,6,0,1602.62606313,1602.79135097,1602.61936217,1602.85147374,1602.85147374,-0.165287842493,0.00670095872465,-0.225410610405,donor_profile,0.00670095872465
346409,501,3839,114688,9,0,59.3628651667,59.5856757892,59.4078785229,59.6346194466,59.6346194466,-0.222810622505,-0.0450133562344,-0.271754279988,baseline,0
346913,469,3622,114688,9,0,56.4331544529,56.5020048798,56.3967660948,56.4705721206,56.4705721206,-0.068850426949,0.0363883581067,-0.0374176677158,donor_profile,0.0363883581067
347385,1700,13044,114688,1,0,570.872318294,571.4387492,570.685005393,571.279156482,571.279156482,-0.566430905392,0.187312901314,-0.406838187736,donor_profile,0.187312901314
349088,167,1293,114688,9,0,45.3416343674,45.2392558388,45.31558221,45.2136955104,45.2136955104,0.102378528611,0.0260521573682,0.127938857005,mini_donor,0.127938857005
349258,183,1420,114688,9,0,20.7160738429,20.8737401819,20.7576084299,20.9166638916,20.9166638916,-0.157666338982,-0.0415345869787,-0.200590048701,baseline,0
349444,90,705,114688,1,0,17.5598626182,17.4074945623,17.5916460917,17.4417686961,17.4417686961,0.152368055925,-0.0317834734469,0.118093922122,mini_cmix,0.152368055925
349537,422,3277,114688,6,0,126.435879126,126.689011865,126.328734816,126.588305799,126.588305799,-0.253132738733,0.107144309321,-0.15242667282,donor_profile,0.107144309321
349962,1559,12027,114688,6,0,542.034317369,542.245293528,541.925127164,542.162407957,542.162407957,-0.210976158956,0.109190205355,-0.128090587535,donor_profile,0.109190205355
351524,4140,31838,114688,6,0,1227.91984817,1228.86434421,1228.08781731,1229.08293196,1229.08293196,-0.944496040846,-0.167969148122,-1.16308378951,baseline,0
355667,2214,17032,114688,6,0,434.345924125,434.815475049,434.386286929,434.880082322,434.880082322,-0.469550923735,-0.0403628036529,-0.53415819712,baseline,0
357884,1144,8686,114688,9,0,331.409764376,330.974303279,331.164186445,330.746813094,330.746813094,0.435461096964,0.245577931242,0.662951281514,mini_donor,0.662951281514
359031,4538,34633,114688,9,0,1013.971876,1014.58682121,1013.90912656,1014.56760555,1014.56760555,-0.614945214775,0.0627494440678,-0.595729545276,donor_profile,0.0627494440678
363572,185,1390,114688,1,0,52.9650839932,52.9320365766,52.8195937501,52.7892475409,52.7892475409,0.0330474165318,0.145490243089,0.175836452269,mini_donor,0.175836452269
363760,1047,7982,114688,6,0,340.576975662,340.672715792,340.590969573,340.702741553,340.702741553,-0.0957401294644,-0.0139939110659,-0.1257658911,baseline,0
364810,1241,9520,114688,0,0,344.488838981,344.717231514,344.589031564,344.835815306,344.835815306,-0.22839253295,-0.100192582957,-0.346976325421,baseline,0
366054,332,2562,114688,1,0,85.7044063119,85.8417303168,85.6747937248,85.8178428903,85.8178428903,-0.137324004944,0.0296125870964,-0.113436578417,donor_profile,0.0296125870964
366389,601,4673,114688,1,0,193.286474017,193.435049467,193.20376944,193.364113798,193.364113798,-0.148575450341,0.0827045763235,-0.0776397816646,donor_profile,0.0827045763235
366993,2972,22531,114688,9,0,455.347945233,456.428243466,455.378335207,456.479692024,456.479692024,-1.08029823392,-0.0303899742903,-1.13174679109,baseline,0
369968,1944,14930,114688,9,0,169.306960843,169.997055431,169.452527534,170.155077443,170.155077443,-0.690094588407,-0.145566691177,-0.848116599681,baseline,0
371915,2196,16801,114688,9,0,185.717047853,185.995297338,185.733216584,186.023718009,186.023718009,-0.278249484581,-0.0161687313503,-0.30667015575,baseline,0
374114,2320,17683,114688,9,0,164.415891545,164.709861851,164.42064265,164.721999124,164.721999124,-0.293970306446,-0.00475110530806,-0.306107579409,baseline,0
376437,2520,19190,114688,9,0,163.048452832,163.445853246,163.065718697,163.468141263,163.468141263,-0.39740041356,-0.0172658648007,-0.419688431065,baseline,0
378960,2278,17414,114688,9,0,137.002529934,136.975124991,136.987181984,136.964086777,136.964086777,0.0274049429501,0.0153479495766,0.0384431568901,mini_donor,0.0384431568901
381241,2202,16855,114688,9,0,183.621606007,184.047454188,183.602857072,184.035331687,184.035331687,-0.42584818131,0.0187489349582,-0.413725680659,donor_profile,0.0187489349582
383446,2291,17558,114688,9,0,179.235444348,179.576238879,179.214378735,179.562597087,179.562597087,-0.340794530406,0.0210656129575,-0.327152738179,donor_profile,0.0210656129575
385740,2431,18624,114688,9,0,211.777934057,212.265949631,211.700456845,212.197707796,212.197707796,-0.488015573498,0.0774772121867,-0.419773739105,donor_profile,0.0774772121867
388174,2174,16645,114688,9,0,121.008188409,121.282087302,121.074341927,121.352540281,121.352540281,-0.273898893665,-0.0661535181425,-0.344351872616,baseline,0
390351,2971,22585,114688,9,0,233.993775514,234.37417086,233.959010628,234.343995608,234.343995608,-0.380395345818,0.0347648858733,-0.35022009401,donor_profile,0.0347648858733
393325,2848,21773,114688,9,0,264.138124542,264.537375615,264.201965745,264.611874381,264.611874381,-0.399251072436,-0.0638412031221,-0.473749838898,baseline,0
396176,2455,18846,114688,9,0,238.416296307,238.834821608,238.238817314,238.672608701,238.672608701,-0.418525301415,0.177478992273,-0.256312393811,donor_profile,0.177478992273
398634,2000,15433,114688,9,0,88.6488483323,88.7900892417,88.6593725278,88.8051794473,88.8051794473,-0.141240909462,-0.010524195477,-0.156331115058,baseline,0
400637,3068,23297,114688,9,0,214.075063218,214.275208208,214.058743604,214.264458831,214.264458831,-0.200144990686,0.0163196137464,-0.189395613643,donor_profile,0.0163196137464
403708,2451,18821,114688,9,0,232.520828593,232.458253064,232.544126112,232.493490824,232.493490824,0.0625755296305,-0.0232975190456,0.0273377695175,mini_cmix,0.0625755296305
406162,2359,18054,114688,9,0,146.339531042,146.558445844,146.404413658,146.629090251,146.629090251,-0.21891480163,-0.0648826160914,-0.289559208668,baseline,0
408524,1963,15082,114688,9,0,100.149785905,100.504891996,100.159211547,100.518186028,100.518186028,-0.355106091887,-0.00942564232719,-0.368400123317,baseline,0
410490,2285,17551,114688,9,0,148.161734238,148.369544254,148.123061689,148.340665067,148.340665067,-0.207810016254,0.0386725490116,-0.178930829071,donor_profile,0.0386725490116
412778,2263,17389,114688,6,0,170.712784899,171.041343692,170.767281622,171.106653658,171.106653658,-0.32855879271,-0.0544967229871,-0.393868759288,baseline,0
415044,2962,22543,114688,9,0,255.94462079,256.201578381,255.973694284,256.238969623,256.238969623,-0.256957590901,-0.0290734937671,-0.294348832964,baseline,0
418009,1782,13705,114688,9,0,99.1782171086,99.1133799281,99.2292352879,99.170359179,99.170359179,0.0648371805482,-0.0510181792433,0.00785792962597,mini_cmix,0.0648371805482
419794,4913,37707,114688,6,0,1111.46056029,1111.42312839,1111.50720096,1111.50744761,1111.50744761,0.0374318967736,-0.0466406777359,-0.0468873255738,mini_cmix,0.0374318967736
424710,2477,18597,114688,9,0,356.518714527,356.724889352,356.451758648,356.674441271,356.674441271,-0.206174824476,0.0669558794598,-0.155726743654,donor_profile,0.0669558794598
427190,432,3255,114688,1,0,78.1871125195,78.3964365906,78.1924155908,78.4085872042,78.4085872042,-0.209324071143,-0.00530307130066,-0.221474684658,baseline,0
427625,1993,15491,114688,9,0,729.881439957,729.718622887,729.92059956,729.779697491,729.779697491,0.162817070246,-0.0391596026902,0.101742466365,mini_cmix,0.162817070246
429621,9702,74643,114688,9,0,3254.24646604,3255.9983637,3254.03106142,3255.92298322,3255.92298322,-1.75189766552,0.215404614568,-1.67651718421,donor_profile,0.215404614568
439326,590,4455,114688,1,0,124.163930491,124.431835928,124.187028573,124.464843989,124.464843989,-0.267905436709,-0.0230980816359,-0.300913497662,baseline,0
439919,1722,13135,114688,6,0,380.020131631,380.541660107,379.578715118,380.123298087,380.123298087,-0.521528475943,0.441416513252,-0.103166455716,donor_profile,0.441416513252
441644,2471,18329,114688,9,0,256.6474029,256.876028777,256.646993041,256.882153441,256.882153441,-0.228625876205,0.000409859717365,-0.234750540192,donor_profile,0.000409859717365
444118,3863,29829,114688,6,0,1316.44474048,1317.08728672,1316.46030265,1317.16799566,1317.16799566,-0.642546246948,-0.0155621730282,-0.723255180853,baseline,0
447984,1729,13090,114688,6,0,754.219060522,754.852897236,754.120879049,754.769496658,754.769496658,-0.633836714032,0.098181472521,-0.550436135688,donor_profile,0.098181472521
449716,1937,14908,114688,6,0,592.663200496,592.667549817,592.671104416,592.702627648,592.702627648,-0.0043493215901,-0.00790392002,-0.0394271527232,baseline,0
451656,5498,42339,114688,9,0,1858.81622392,1859.52968087,1858.55397569,1859.33581401,1859.33581401,-0.71345695678,0.26224823088,-0.519590088028,donor_profile,0.26224823088
457157,1391,10707,114688,6,0,389.31969292,389.769394426,389.315286154,389.786552315,389.786552315,-0.449701505843,0.00440676639391,-0.466859395448,donor_profile,0.00440676639391
458551,21649,160659,114688,9,0,3867.09251483,3870.79933793,3867.94393293,3871.94211511,3871.94211511,-3.70682309677,-0.85141809838,-4.84960028084,baseline,0
480203,1841,14133,114688,6,0,607.090813245,607.608098549,607.23184076,607.779583462,607.779583462,-0.517285303617,-0.141027514776,-0.688770216658,baseline,0
482047,608,4654,114688,1,0,173.038784867,173.20619245,173.037715597,173.213464025,173.213464025,-0.167407582882,0.00106926990793,-0.174679158502,donor_profile,0.00106926990793
482658,2171,16512,114688,6,0,651.327535103,651.79599318,651.363788446,651.86290233,651.86290233,-0.46845807725,-0.0362533434536,-0.535367227267,baseline,0
484832,709,5429,114688,6,0,167.477786376,167.460931565,167.476145474,167.467766449,167.467766449,0.0168548112804,0.0016409019463,0.0100199274755,mini_cmix,0.0168548112804
485544,887,6802,114688,6,0,250.15857757,250.354852842,250.14030241,250.347526465,250.347526465,-0.196275272238,0.0182751601069,-0.188948894646,donor_profile,0.0182751601069
486434,577,4363,114688,9,0,87.468123399,87.4460971302,87.4803616214,87.4646142146,87.4646142146,0.0220262688067,-0.0122382223881,0.00350918444065,mini_cmix,0.0220262688067
487014,1158,8866,114688,6,0,307.30807557,307.678262377,307.290573464,307.674647984,307.674647984,-0.370186806561,0.0175021066243,-0.366572414177,donor_profile,0.0175021066243
488175,1283,9833,114688,6,0,351.361754235,351.852064689,351.409673149,351.917880695,351.917880695,-0.490310454454,-0.0479189144671,-0.556126460234,baseline,0
489461,775,6003,114688,9,0,264.674786921,264.954092044,264.763701146,265.056719463,265.056719463,-0.27930512306,-0.0889142251817,-0.381932541594,baseline,0
490239,555,4248,114688,6,0,131.828499944,131.737571589,131.846368645,131.762328926,131.762328926,0.0909283551237,-0.0178687011612,0.0661710182394,mini_cmix,0.0909283551237
490797,904,6906,114688,6,0,207.752098872,207.935238775,207.798148462,207.993430247,207.993430247,-0.183139903541,-0.0460495905027,-0.241331375802,baseline,0
491704,16179,121529,114688,9,0,1746.20691261,1749.17089154,1746.33280015,1749.38736016,1749.38736016,-2.96397892992,-0.125887543453,-3.18044755587,baseline,0
507886,3442,26371,114688,6,0,944.822120357,945.552160871,944.681241578,945.45066121,945.45066121,-0.730040514333,0.140878778923,-0.628540853357,donor_profile,0.140878778923
511331,5121,39438,114688,0,0,1336.22504805,1337.22899977,1336.07592422,1337.1383055,1337.1383055,-1.00395172662,0.149123823514,-0.913257447767,donor_profile,0.149123823514
516455,12183,94253,114688,6,0,3640.45905713,3642.60680722,3640.27107081,3642.57048431,3642.57048431,-2.14775009197,0.187986317948,-2.11142718227,donor_profile,0.187986317948
528641,2066,15942,114688,6,0,235.132025288,235.206920105,235.182923705,235.273120577,235.273120577,-0.074894816936,-0.050898416539,-0.141095288456,baseline,0
530710,5702,43776,114688,6,0,1678.59301861,1679.58473302,1678.62277303,1679.68818606,1679.68818606,-0.991714407751,-0.0297544207997,-1.09516745351,baseline,0
536415,3605,27686,114688,6,0,1036.06885865,1036.79444641,1036.02190231,1036.79705791,1036.79705791,-0.725587767156,0.0469563344768,-0.72819926541,donor_profile,0.0469563344768
540023,2039,15651,114688,6,0,556.131087453,556.719330779,556.076234125,556.692173964,556.692173964,-0.58824332619,0.0548533282235,-0.561086510981,donor_profile,0.0548533282235
542065,17442,135390,114688,6,0,6480.99525708,6484.17713016,6480.32522364,6483.70337047,6483.70337047,-3.18187308351,0.670033435215,-2.70811338875,donor_profile,0.670033435215
559510,2647,20583,114688,0,0,928.461358649,929.427621183,928.610284106,929.615594911,929.615594911,-0.96626253394,-0.148925457025,-1.15423626202,baseline,0
562160,6238,47849,114688,6,0,2039.47090488,2040.29414253,2039.49975046,2040.41452916,2040.41452916,-0.823237651072,-0.0288455787404,-0.943624278518,baseline,0
568401,37443,281703,114688,9,0,9058.76622714,9066.51358385,9058.6092058,9066.72611775,9066.72611775,-7.74735671213,0.157021338298,-7.95989061517,donor_profile,0.157021338298
605847,1015,7757,114688,9,0,310.114379708,310.406454768,310.101173792,310.413005155,310.413005155,-0.292075060288,0.0132059152056,-0.2986254471,donor_profile,0.0132059152056
606865,1231,9484,114688,6,0,431.264007714,431.748189649,431.243876753,431.747924469,431.747924469,-0.484181935123,0.0201309613813,-0.483916754707,donor_profile,0.0201309613813
608099,659,5054,114688,6,0,161.635164789,161.861805341,161.625582604,161.862397636,161.862397636,-0.226640551811,0.00958218551477,-0.227232846474,donor_profile,0.00958218551477
608761,20106,152879,114688,6,0,3276.97115915,3282.18556802,3277.32829115,3282.68911807,3282.68911807,-5.21440887027,-0.357131991593,-5.71795891128,baseline,0
628870,4603,35531,114688,6,0,1523.71683779,1524.7681146,1523.62732467,1524.7461832,1524.7461832,-1.05127681368,0.0895131190491,-1.02934541252,donor_profile,0.0895131190491
633476,6247,48152,114688,6,0,2078.82976206,2079.86413928,2078.89932728,2080.03181209,2080.03181209,-1.03437722809,-0.0695652286013,-1.20205003779,baseline,0
639726,1577,12177,114688,0,0,508.470456684,508.924559911,508.503823074,508.988119551,508.988119551,-0.454103227604,-0.033366389961,-0.517662867492,baseline,0
641306,11602,90094,114688,0,0,4142.51858073,4144.59956874,4142.37858046,4144.59567154,4144.59567154,-2.0809880121,0.140000274096,-2.07709080848,donor_profile,0.140000274096
652911,44065,325678,114688,9,0,5018.98061699,5027.58709239,5019.0346174,5027.83577993,5027.83577993,-8.60647540037,-0.0540004158756,-8.85516294374,baseline,0
696979,1453,11151,114688,6,0,485.974310634,486.366905189,485.854957343,486.26528778,486.26528778,-0.39259455553,0.119353291126,-0.290977146427,donor_profile,0.119353291126
698435,3816,29413,114688,9,0,1290.3218931,1290.4836595,1290.47496626,1290.69051402,1290.69051402,-0.161766399185,-0.153073157847,-0.368620920783,baseline,0
702254,3173,24373,114688,6,0,1055.1587922,1056.18809701,1055.04229315,1056.11841176,1056.11841176,-1.0293048101,0.116499051696,-0.959619562928,donor_profile,0.116499051696
705430,3265,24794,114688,6,0,917.506311653,918.872407985,917.612993413,919.029125491,919.029125491,-1.36609633252,-0.106681760652,-1.52281383805,baseline,0
708698,1518,11475,114688,9,0,331.133367003,331.517021809,331.089282895,331.490723158,331.490723158,-0.383654806027,0.0440841085374,-0.35735615502,donor_profile,0.0440841085374
710219,2004,15289,114688,6,0,550.418717026,550.589277444,550.461743953,550.664690419,550.664690419,-0.170560418098,-0.0430269273493,-0.245973393172,baseline,0
712226,1893,14414,114688,6,0,361.401561492,362.15098833,361.400490098,362.180271332,362.180271332,-0.749426838006,0.0010713941565,-0.778709840324,donor_profile,0.0010713941565
714122,1770,13452,114688,6,0,372.605995388,373.591762365,372.706779386,373.716693605,373.716693605,-0.985766977108,-0.100783998417,-1.1106982167,baseline,0
715895,2434,18477,114688,6,0,488.62427499,489.30161563,488.546019013,489.257605618,489.257605618,-0.677340639577,0.0782559770114,-0.633330628449,donor_profile,0.0782559770114
718332,3364,25515,114688,6,0,728.937788482,729.83227348,728.786058119,729.724813333,729.724813333,-0.894484998332,0.151730362502,-0.787024851652,donor_profile,0.151730362502
721699,2541,19323,114688,6,0,474.987208656,475.732713115,474.99234493,475.769159715,475.769159715,-0.745504459307,-0.00513627448436,-0.781951059248,baseline,0
724243,2187,16639,114688,6,0,427.873871323,428.215268506,427.802734414,428.174674614,428.174674614,-0.341397183492,0.0711369091396,-0.300803290689,donor_profile,0.0711369091396
726433,8244,63565,114688,6,0,2444.70676226,2446.29793025,2444.5950177,2446.30337102,2446.30337102,-1.591167994,0.111744563917,-1.59660875748,donor_profile,0.111744563917
734680,1760,13410,114688,6,0,281.917341129,282.187687998,282.010002975,282.303278412,282.303278412,-0.270346869762,-0.0926618460317,-0.385937283449,baseline,0
736443,2515,19240,114688,6,0,586.211454076,586.842194477,586.210059019,586.876049591,586.876049591,-0.630740401595,0.00139505646712,-0.66459551547,donor_profile,0.00139505646712
738961,3057,23319,114688,6,0,625.918754429,626.425211197,625.979364398,626.519462744,626.519462744,-0.506456767334,-0.0606099684246,-0.600708314667,baseline,0
742021,2750,21045,114688,6,0,623.863477731,624.45927195,623.806762527,624.437395107,624.437395107,-0.595794218963,0.0567152039002,-0.573917376188,donor_profile,0.0567152039002
744774,2473,18961,114688,6,0,442.286010625,442.80571391,442.342127622,442.89275419,442.89275419,-0.519703285766,-0.0561169977518,-0.606743565547,baseline,0
747250,2606,19800,114688,6,0,497.073577267,497.740975852,497.177196891,497.87715745,497.87715745,-0.667398585705,-0.103619624657,-0.80358018342,baseline,0
749859,19289,148686,114688,6,0,5555.91085673,5560.84997477,5556.06693339,5561.26651995,5561.26651995,-4.93911803815,-0.156076658071,-5.3556632239,baseline,0
769151,2342,17834,114688,6,0,500.251421916,500.988404705,500.236697509,501.000086908,501.000086908,-0.736982789299,0.0147244063655,-0.748664991775,donor_profile,0.0147244063655
771496,2487,19016,114688,6,0,490.763614536,491.57815278,490.832664958,491.681114253,491.681114253,-0.814538243642,-0.0690504211689,-0.917499716202,baseline,0
773986,4714,35978,114688,6,0,937.972025377,938.646323547,938.064594535,938.794684678,938.794684678,-0.67429816964,-0.0925691581369,-0.822659300943,baseline,0
778703,1904,14512,114688,6,0,372.93357965,373.285928893,372.934822984,373.308956652,373.308956652,-0.352349242682,-0.00124333397071,-0.37537700181,baseline,0
780610,2906,22055,114688,6,0,497.66409656,498.345856427,497.691664246,498.409286218,498.409286218,-0.681759867277,-0.0275676864376,-0.745189658529,baseline,0
783519,2637,20063,114688,6,0,456.225753744,456.854925925,456.153723849,456.819316044,456.819316044,-0.629172181162,0.0720298951755,-0.593562299681,donor_profile,0.0720298951755
786159,19858,150824,114688,9,0,3823.89510316,3827.4454785,3823.80472483,3827.52675646,3827.52675646,-3.5503753368,0.090378336713,-3.63165329327,donor_profile,0.090378336713
806020,2130,16468,114688,6,0,709.415313151,709.726277647,709.362116392,709.700702257,709.700702257,-0.310964496219,0.0531967591869,-0.285389106085,donor_profile,0.0531967591869
808153,1152,8786,114688,6,0,308.220083749,308.615044321,308.280506877,308.691904831,308.691904831,-0.394960571992,-0.0604231280849,-0.471821082362,baseline,0
809308,1333,10200,114688,6,0,345.571631457,345.78302384,345.508738124,345.739584167,345.739584167,-0.211392382816,0.0628933325097,-0.16795271018,donor_profile,0.0628933325097
810644,443,3410,114688,1,0,84.153473991,84.3164336831,84.1174463496,84.2879673808,84.2879673808,-0.162959692092,0.0360276414212,-0.134493389796,donor_profile,0.0360276414212
811090,486,3709,114688,1,0,94.8058666116,95.0217037051,94.7428319944,94.9702761851,94.9702761851,-0.215837093529,0.0630346172447,-0.164409573468,donor_profile,0.0630346172447
811579,3085,23748,114688,0,0,917.618921428,918.227773101,917.681784375,918.328001853,918.328001853,-0.608851673811,-0.0628629473385,-0.709080425799,baseline,0
814667,11448,87516,114688,9,0,3395.70977144,3398.64291979,3395.51220213,3398.58339238,3398.58339238,-2.93314834656,0.197569311998,-2.8736209319,donor_profile,0.197569311998
826118,1322,10071,114688,9,0,366.576520279,366.739739283,366.564232907,366.744325286,366.744325286,-0.16321900354,0.0122873722366,-0.167805006113,donor_profile,0.0122873722366
827443,980,7462,114688,6,0,254.636425948,254.905064397,254.706854984,254.991008232,254.991008232,-0.268638449535,-0.0704290359827,-0.354582284181,baseline,0
828426,3963,30444,114688,0,0,1292.76048794,1293.99384903,1292.6109341,1293.90294931,1293.90294931,-1.23336109232,0.149553841362,-1.14246137003,donor_profile,0.149553841362
832392,1470,11272,114688,6,0,405.231127286,405.704442807,405.237428911,405.731404416,405.731404416,-0.473315521234,-0.00630162547986,-0.500277130649,baseline,0
833865,1698,13078,114688,6,0,498.967848328,499.269382807,498.831373094,499.162853036,499.162853036,-0.301534479238,0.136475233739,-0.19500470832,donor_profile,0.136475233739
835566,2786,21278,114688,6,0,904.69501048,905.248614117,904.776475591,905.376763385,905.376763385,-0.553603636498,-0.0814651106757,-0.6817529045,baseline,0
838355,1113,8421,114688,0,0,214.487888051,214.861244227,214.511839638,214.901412468,214.901412468,-0.373356175563,-0.0239515871199,-0.41352441661,baseline,0
839471,3076,23304,114688,9,0,851.379143292,852.297532452,851.381820953,852.342754079,852.342754079,-0.918389159174,-0.00267766085653,-0.963610786401,baseline,0
842550,4464,34278,114688,6,0,1404.09506052,1405.25048989,1404.0515871,1405.27798253,1405.27798253,-1.15542937031,0.0434734211431,-1.18292200588,donor_profile,0.0434734211431
847017,22493,164497,114688,9,0,2062.41606399,2065.77000427,2062.3224366,2065.72545484,2065.72545484,-3.35394028227,0.0936273941975,-3.30939085264,donor_profile,0.0936273941975
869513,4435,33671,114688,9,0,1124.99482357,1125.72027241,1124.93544812,1125.7068573,1125.7068573,-0.725448843271,0.0593754458132,-0.712033728101,donor_profile,0.0593754458132
873951,4723,36472,114688,9,0,1528.93561516,1530.21140373,1529.2002838,1530.55253903,1530.55253903,-1.27578857334,-0.264668645515,-1.61692387213,baseline,0
878677,2423,18601,114688,6,0,789.522156527,789.828005777,789.564411524,789.908622957,789.908622957,-0.305849249823,-0.0422549968998,-0.386466429587,baseline,0
881103,6816,52297,114688,9,0,1872.44036483,1874.12217269,1872.39451064,1874.15766561,1874.15766561,-1.68180785089,0.0458541942762,-1.7173007769,donor_profile,0.0458541942762
887922,1498,11421,114688,9,0,395.216955729,395.499766053,395.158092594,395.464684001,395.464684001,-0.28281032467,0.0588631345354,-0.247728272511,donor_profile,0.0588631345354
889423,2636,20000,114688,9,0,717.891788776,718.413906232,717.743371093,718.298505303,718.298505303,-0.522117455277,0.148417683441,-0.406716526593,donor_profile,0.148417683441
892062,1532,11648,114688,9,0,318.033253428,318.222740598,318.063307484,318.273638804,318.273638804,-0.189487170082,-0.0300540562694,-0.24038537669,baseline,0
893597,4655,35475,114688,9,0,1258.48132081,1259.69125683,1258.66940547,1259.94286964,1259.94286964,-1.2099360172,-0.188084656951,-1.46154883054,baseline,0
898255,16562,124168,114688,9,0,3039.59724811,3043.09140514,3039.76290772,3043.42677463,3043.42677463,-3.49415703096,-0.165659605575,-3.8295265201,baseline,0
914820,13722,104998,114688,9,0,4159.94893058,4163.7709807,4159.83880184,4163.84801157,4163.84801157,-3.82205012302,0.110128736766,-3.89908099484,donor_profile,0.110128736766
928545,8834,67717,114688,6,0,2777.07657382,2779.20107532,2776.91112251,2779.16014233,2779.16014233,-2.12450149518,0.165451317161,-2.08356850602,donor_profile,0.165451317161
937382,10051,76696,114688,9,0,2344.51154114,2346.94318861,2344.56771458,2347.12023717,2347.12023717,-2.43164747058,-0.0561734439179,-2.60869603475,baseline,0
947436,9680,74138,114688,0,0,2459.21792411,2462.86015949,2459.24878993,2463.04199197,2463.04199197,-3.64223537476,-0.0308658133245,-3.82406785595,baseline,0
957119,9799,75244,114688,6,0,2331.89119588,2334.00412593,2332.00196128,2334.24829899,2334.24829899,-2.11293004922,-0.110765396201,-2.35710311325,baseline,0
966921,21017,161137,114688,9,0,5145.30227064,5150.86717681,5145.24425369,5151.05789865,5151.05789865,-5.56490617244,0.0580169402456,-5.75562801852,donor_profile,0.0580169402456
987941,796,6119,114688,0,0,217.944758684,217.726013839,217.820984147,217.615435308,217.615435308,0.218744844167,0.123774536291,0.329323375935,mini_donor,0.329323375935
988740,6089,46472,114688,6,0,1887.01197785,1887.78314397,1887.12137201,1887.97467611,1887.97467611,-0.771166122185,-0.109394162871,-0.962698264496,baseline,0
994832,18769,141712,114688,9,0,3450.98772678,3454.88673079,3451.29388997,3455.37632045,3455.37632045,-3.89900401067,-0.306163195251,-4.3885936715,baseline,0
1013604,1887,14505,114688,9,0,589.329396435,589.691054064,589.245963219,589.634591537,589.634591537,-0.361657628583,0.083433215912,-0.30519510139,donor_profile,0.083433215912
1015494,1828,13810,114688,9,0,353.442999756,353.907511763,353.443291982,353.931757612,353.931757612,-0.464512007439,-0.000292226465717,-0.488757856016,baseline,0
1017325,968,7432,114688,6,0,251.842320167,252.225332066,251.898249689,252.290886599,252.290886599,-0.383011899127,-0.0559295214089,-0.448566431996,baseline,0
1018296,835,6444,114688,6,0,242.685752372,242.930532418,242.800165573,243.054893361,243.054893361,-0.244780045995,-0.11441320092,-0.369140988855,baseline,0
1019134,634,4835,114688,1,0,115.168625474,115.324563851,115.207428028,115.373561448,115.373561448,-0.155938376185,-0.0388025539642,-0.204935974061,baseline,0
1019771,2520,18777,114688,9,0,430.273988656,430.24306007,430.329872503,430.334233629,430.334233629,0.0309285855795,-0.0558838476272,-0.060244973634,mini_cmix,0.0309285855795
1022294,4448,34176,114688,6,0,1003.0175337,1004.6332022,1003.08003561,1004.74455871,1004.74455871,-1.61566849481,-0.06250190843,-1.72702500967,baseline,0
1026745,4410,33933,114688,6,0,1077.07572858,1078.3000825,1077.15009218,1078.4260148,1078.4260148,-1.22435391716,-0.0743636005418,-1.35028622096,baseline,0
1031158,1407,10728,114688,6,0,320.95463566,321.312078755,320.897121645,321.276332121,321.276332121,-0.357443094734,0.0575140151504,-0.321696461179,donor_profile,0.0575140151504
1032568,2672,20657,114688,6,0,867.618577026,867.998269149,867.791639426,868.214804857,868.214804857,-0.379692122699,-0.173062399253,-0.596227830695,baseline,0
1035243,1868,14320,114688,6,0,477.187241345,477.646391124,477.221829445,477.707790369,477.707790369,-0.459149778711,-0.0345880995919,-0.520549023418,baseline,0
1037114,6664,50423,114688,9,0,898.044939315,899.461941274,898.048057796,899.516907691,899.516907691,-1.41700195876,-0.00311848156775,-1.4719683762,baseline,0
1043781,3414,26298,114688,6,0,997.462215873,998.117733656,997.475468511,998.175457782,998.175457782,-0.655517782482,-0.013252637912,-0.713241908687,baseline,0
