"offset","length","bits","mask","stream_class","profile_id","baseline_bytes","mini_bytes","donor_bytes","combined_bytes","selected_bytes","mini_gain_bytes","donor_gain_bytes","combined_gain_bytes","best_mode","best_gain_bytes"
"17702","15288","112461","114688","9","0","1898.18436728","1899.86992561","1898.09954459","1899.83389691","1899.83389691","-1.6855583344","0.0848226895714","-1.64952963153","donor_profile","0.0848226895714"
"32993","4574","33823","114688","9","0","737.925683285","738.264789061","737.889509358","738.250243074","738.250243074","-0.339105775558","0.0361739274731","-0.324559788838","donor_profile","0.0361739274731"
"37570","2859","21304","114688","9","0","543.32614082","543.857954008","543.280687517","543.839811261","543.839811261","-0.531813187951","0.0454533030852","-0.513670441556","donor_profile","0.0454533030852"
"40432","658","4972","114688","9","0","89.8548869342","89.9249587564","89.8482888498","89.923330279","89.923330279","-0.0700718221794","0.00659808442742","-0.0684433448012","donor_profile","0.00659808442742"
"42838","1573","12142","114688","6","0","392.118626615","392.230602719","392.046994853","392.180038133","392.180038133","-0.111976103299","0.0716317620809","-0.0614115173632","donor_profile","0.0716317620809"
"45451","665","5045","114688","9","0","190.423874644","190.384438057","190.355280223","190.328321394","190.328321394","0.0394365871507","0.0685944208399","0.0955532493654","mini_donor","0.0955532493654"
"46119","2456","19085","114688","0","0","789.975519501","789.925750086","790.013291063","789.992465668","789.992465668","0.0497694150696","-0.0377715622208","-0.016946166413","mini_cmix","0.0497694150696"
"48578","1816","13986","114688","9","0","492.830709141","492.710273887","492.871441872","492.771297402","492.771297402","0.120435254319","-0.040732730502","0.0594117388753","mini_cmix","0.120435254319"
"52747","3022","23406","114688","6","0","883.653837192","884.053218952","883.587445929","884.027077491","884.027077491","-0.399381759946","0.0663912633217","-0.373240299188","donor_profile","0.0663912633217"
"64406","2783","21458","114688","6","0","743.734052536","744.403418983","743.710031112","744.412912585","744.412912585","-0.669366447269","0.0240214244195","-0.678860048865","donor_profile","0.0240214244195"
"69823","1726","13160","114688","6","0","334.948333549","335.319505796","334.865091902","335.260003596","335.260003596","-0.371172247232","0.0832416465673","-0.311670046698","donor_profile","0.0832416465673"
"73018","1788","13747","114688","6","0","347.472956724","347.457276416","347.545850394","347.549086416","347.549086416","0.0156803076924","-0.0728936702535","-0.076129692272","mini_cmix","0.0156803076924"
"76128","998","7661","114688","6","0","147.99643389","148.182395813","147.991488774","148.187638517","148.187638517","-0.185961922458","0.00494511589022","-0.191204626634","donor_profile","0.00494511589022"
"78319","516","3938","114688","9","0","57.3278421742","57.3414643883","57.3137906235","57.3303380332","57.3303380332","-0.01362221417","0.0140515506646","-0.00249585904749","donor_profile","0.0140515506646"
"78838","725","5546","114688","6","0","83.7999759278","83.8251652358","83.7857785681","83.815838294","83.815838294","-0.0251893079625","0.0141973597174","-0.0158623662031","donor_profile","0.0141973597174"
"81514","515","3931","114688","9","0","57.4745343029","57.3782730497","57.4710817446","57.3800671372","57.3800671372","0.0962612532313","0.00345255828688","0.0944671657645","mini_cmix","0.0962612532313"
"82271","459","3496","114688","9","0","22.9202364715","22.9366036895","22.9122003378","22.930679713","22.930679713","-0.0163672179721","0.00803613367134","-0.0104432414752","donor_profile","0.00803613367134"
"83219","1202","9216","114688","6","0","259.71051536","259.82218197","259.629161806","259.75309455","259.75309455","-0.111666609122","0.0813535541674","-0.0425791895298","donor_profile","0.0813535541674"
"84424","663","5063","114688","6","0","29.1349334062","29.2590309359","29.1049706988","29.2325981258","29.2325981258","-0.12409752971","0.0299627074355","-0.0976647195489","donor_profile","0.0299627074355"
"85090","875","6700","114688","6","0","71.6351248901","71.6633746628","71.5919560499","71.6245031281","71.6245031281","-0.0282497726907","0.0431688401868","0.0106217620373","donor_profile","0.0431688401868"
"85968","772","5878","114688","6","0","41.4716494791","41.4976687057","41.4693040526","41.4985643923","41.4985643923","-0.026019226588","0.00234542644375","-0.0269149132321","donor_profile","0.00234542644375"
"86743","692","5286","114688","6","0","27.0028056153","27.2801874935","27.0006692484","27.2796982282","27.2796982282","-0.277381878159","0.00213636691842","-0.276892612921","donor_profile","0.00213636691842"
"90044","898","6876","114688","6","0","94.1009825383","93.9911689876","94.1408688778","94.0363389834","94.0363389834","0.109813550721","-0.0398863394485","0.0646435549534","mini_cmix","0.109813550721"
"91744","1938","14830","114688","6","0","465.509012506","466.005455485","465.442806284","465.9649357","465.9649357","-0.496442979445","0.0662062212123","-0.455923194244","donor_profile","0.0662062212123"
"96329","511","3815","114688","9","0","55.7151894493","55.8477090739","55.7131757145","55.8491064795","55.8491064795","-0.132519624554","0.00201373480741","-0.133917030191","donor_profile","0.00201373480741"
"98602","515","3925","114688","9","0","38.4239090655","38.4887279153","38.3725128879","38.4406226499","38.4406226499","-0.0648188497604","0.0513961775896","-0.0167135844036","donor_profile","0.0513961775896"
"99120","688","5258","114688","6","0","28.5596633263","28.765593231","28.5330818004","28.7414361174","28.7414361174","-0.20592990469","0.0265815259208","-0.181772791109","donor_profile","0.0265815259208"
"99811","466","3551","114688","9","0","14.5221072714","14.595407792","14.457174748","14.5349484756","14.5349484756","-0.0733005205573","0.0649325233726","-0.0128412042084","donor_profile","0.0649325233726"
"100280","689","5265","114688","6","0","19.2369152534","19.3332087963","19.2331172668","19.3305565367","19.3305565367","-0.0962935428896","0.00379798663835","-0.0936412832251","donor_profile","0.00379798663835"
"100972","481","3673","114688","9","0","11.6944167441","11.7318209163","11.6476341049","11.6880383177","11.6880383177","-0.0374041722062","0.0467826391559","0.00637842638753","donor_profile","0.0467826391559"
"101456","823","6322","114688","9","0","150.209344755","150.286318233","150.169611758","150.253997831","150.253997831","-0.0769734782298","0.0397329966736","-0.0446530755034","donor_profile","0.0397329966736"
"103934","614","4702","114688","1","0","16.1241632305","16.156058237","16.1076174513","16.1410061087","16.1410061087","-0.0318950065091","0.0165457791954","-0.0168428781305","donor_profile","0.0165457791954"
"105191","494","3769","114688","9","0","13.0775494385","13.0221607707","13.1015707649","13.0473540431","13.0473540431","0.0553886678094","-0.0240213263924","0.0301953954299","mini_cmix","0.0553886678094"
"107117","490","3722","114688","9","0","11.4772068484","11.4710269875","11.4657156777","11.4605431099","11.4605431099","0.00617986090435","0.011491170625","0.0166637385095","mini_donor","0.0166637385095"
"107610","737","5614","114688","6","0","38.9006476472","38.660445209","38.883657446","38.6459257445","38.6459257445","0.240202438249","0.0169902011694","0.254721902681","mini_donor","0.254721902681"
"109308","829","6345","114688","6","0","47.2360583697","47.2003312913","47.2649371654","47.2333931078","47.2333931078","0.0357270783556","-0.0288787957488","0.00266526182759","mini_cmix","0.0357270783556"
"110140","431","3274","114688","9","0","13.9250293787","14.0594023046","13.9182312712","14.0542536442","14.0542536442","-0.134372925893","0.00679810748625","-0.129224265456","donor_profile","0.00679810748625"
"111025","466","3550","114688","9","0","12.2107390668","12.315004969","12.1935203484","12.299690031","12.299690031","-0.104265902185","0.0172187184053","-0.0889509641479","donor_profile","0.0172187184053"
"111494","473","3606","114688","9","0","10.8501520833","10.9311077208","10.8240908392","10.9072757076","10.9072757076","-0.08095563749","0.0260612440698","-0.0571236243579","donor_profile","0.0260612440698"
"111970","632","4818","114688","9","0","53.7743576162","53.8412471913","53.7197157375","53.7908372778","53.7908372778","-0.0668895750417","0.0546418787781","-0.0164796615467","donor_profile","0.0546418787781"
"114018","545","4165","114688","9","0","55.2936660536","55.2616163694","55.2716051294","55.2395100099","55.2395100099","0.0320496841971","0.0220609241505","0.0541560436643","mini_donor","0.0541560436643"
"115040","738","5636","114688","6","0","40.2076174156","40.240737099","40.1822727389","40.21737966","40.21737966","-0.0331196833969","0.0253446767456","-0.00976224433009","donor_profile","0.0253446767456"
"118170","721","5506","114688","6","0","18.8043236993","18.9313979411","18.7791503089","18.9077719468","18.9077719468","-0.127074241841","0.0251733904397","-0.103448247551","donor_profile","0.0251733904397"
"118894","481","3661","114688","9","0","12.5098556436","12.496003893","12.5372790181","12.5245918549","12.5245918549","0.0138517506167","-0.0274233744667","-0.0147362113338","mini_cmix","0.0138517506167"
"119856","639","4867","114688","1","0","20.6011431551","20.6597293887","20.5637559612","20.6239363083","20.6239363083","-0.058586233599","0.0373871938145","-0.0227931532406","donor_profile","0.0373871938145"
"120498","727","5540","114688","6","0","20.1152756403","20.2176103326","20.1109883944","20.2147269499","20.2147269499","-0.102334692272","0.00428724591075","-0.0994513095642","donor_profile","0.00428724591075"
"121228","519","3962","114688","9","0","27.2386873382","27.1658508203","27.226851073","27.156222821","27.156222821","0.0728365178949","0.0118362651847","0.0824645171316","mini_donor","0.0824645171316"
"121750","1013","7757","114688","6","0","93.2024910692","93.1159829039","93.2285565881","93.147535902","93.147535902","0.0865081653139","-0.026065518884","0.0549551672204","mini_cmix","0.0865081653139"
"124818","664","5080","114688","6","0","31.8269250382","31.8236978508","31.7553108486","31.7538364617","31.7538364617","0.00322718740256","0.0716141895718","0.0730885764834","mini_donor","0.0730885764834"
"127233","470","3579","114688","9","0","10.9746594959","10.9525086632","10.9877491915","10.966995634","10.966995634","0.0221508327318","-0.0130896955425","0.0076638618807","mini_cmix","0.0221508327318"
"127706","642","4906","114688","6","0","16.2114490411","16.2996154603","16.1650628989","16.2540877372","16.2540877372","-0.0881664191747","0.0463861421758","-0.042638696078","donor_profile","0.0463861421758"
"128351","471","3583","114688","9","0","11.4879818083","11.4643890709","11.4623386344","11.4404849496","11.4404849496","0.0235927373757","0.0256431738771","0.0474968587129","mini_donor","0.0474968587129"
"128825","736","5630","114688","6","0","19.7483506992","19.7878039559","19.7438053441","19.7843608803","19.7843608803","-0.0394532567323","0.00454535508743","-0.0360101810472","donor_profile","0.00454535508743"
"130675","474","3608","114688","9","0","10.6984028619","10.698117987","10.7143942325","10.7153986","10.7153986","0.000284874849513","-0.015991370663","-0.0169957381408","mini_cmix","0.000284874849513"
"131152","661","5040","114688","6","0","14.4674254524","14.5765834929","14.4631409102","14.573091642","14.573091642","-0.109158040555","0.00428454217217","-0.1056661896","donor_profile","0.00428454217217"
"131816","821","6411","114688","1","0","250.49876233","250.223548746","250.526543058","250.259884558","250.259884558","0.275213583833","-0.0277807282573","0.238877772327","mini_cmix","0.275213583833"
"133574","683","5225","114688","6","0","20.1584942594","20.3791601525","20.0746208983","20.2951398928","20.2951398928","-0.22066589307","0.0838733610699","-0.136645633435","donor_profile","0.0838733610699"
"135407","684","5210","114688","6","0","15.2110769369","15.2291478513","15.2031076821","15.222124593","15.222124593","-0.0180709144149","0.00796925480881","-0.0110476561483","donor_profile","0.00796925480881"
"136094","656","5006","114688","6","0","21.9260361821","21.9093816328","21.8500725705","21.8352758408","21.8352758408","0.0166545493405","0.0759636116654","0.0907603413436","mini_donor","0.0907603413436"
"137230","712","5435","114688","6","0","27.8435243352","27.8326449088","27.8156619088","27.8076895359","27.8076895359","0.0108794264655","0.0278624264056","0.0358347993555","mini_donor","0.0358347993555"
"139487","939","7218","114688","9","0","177.033426838","176.718596625","177.039968212","176.733084743","176.733084743","0.314830213256","-0.00654137445963","0.300342094365","mini_cmix","0.314830213256"
"140429","1065","8153","114688","6","0","122.829533004","123.033844646","122.793453901","123.005002811","123.005002811","-0.20431164187","0.0360791031708","-0.175469807021","donor_profile","0.0360791031708"
"143621","1241","9396","114688","9","0","207.348894074","207.121784032","207.348341701","207.134363064","207.134363064","0.227110042256","0.000552373141545","0.214531010281","mini_cmix","0.227110042256"
"146002","565","4317","114688","9","0","50.4902649287","50.3530246263","50.4587373487","50.3258481306","50.3258481306","0.137240302402","0.0315275799767","0.164416798042","mini_donor","0.164416798042"
"146570","625","4776","114688","1","0","15.8344944187","15.8726461893","15.8228066336","15.8617695418","15.8617695418","-0.0381517706395","0.0116877850687","-0.0272751230644","donor_profile","0.0116877850687"
"147198","418","3169","114688","9","0","11.7235824142","11.6719794317","11.7527475361","11.7019645005","11.7019645005","0.0516029824873","-0.0291651219231","0.0216179137076","mini_cmix","0.0516029824873"
"147619","417","3160","114688","9","0","10.6369903534","10.6177479459","10.6391868405","10.6220405874","10.6220405874","0.0192424075672","-0.00219648701841","0.0149497660327","mini_cmix","0.0192424075672"
"148575","556","4228","114688","9","0","34.8072470617","34.8963409901","34.7869476763","34.8772313564","34.8772313564","-0.0890939284347","0.0202993853691","-0.069984294709","donor_profile","0.0202993853691"
"149810","448","3408","114688","9","0","10.8908614909","10.9456941047","10.8817276199","10.9378976185","10.9378976185","-0.0548326137731","0.00913387105174","-0.0470361275592","donor_profile","0.00913387105174"
"151947","242","1866","114688","1","0","26.8591693132","26.8481571407","26.8481649057","26.8400732713","26.8400732713","0.0110121724992","0.0110044075409","0.0190960418895","mini_donor","0.0190960418895"
"152192","467","3565","114688","9","0","13.6909555963","13.7875414062","13.6902341131","13.7900112178","13.7900112178","-0.0965858099078","0.000721483224879","-0.0990556214535","donor_profile","0.000721483224879"
"153661","447","3414","114688","9","0","12.5398368071","12.5972967043","12.5398233302","12.599633245","12.599633245","-0.0574598972157","1.34768770295e-05","-0.0597964379608","donor_profile","1.34768770295e-05"
"154111","480","3657","114688","9","0","13.1456566914","13.1273072204","13.1413034586","13.1241877645","13.1241877645","0.0183494709574","0.00435323279908","0.0214689268262","mini_donor","0.0214689268262"
"155072","465","3540","114688","9","0","12.2427667367","12.2586718806","12.229522601","12.2472740721","12.2472740721","-0.0159051438885","0.0132441357046","-0.00450733543573","donor_profile","0.0132441357046"
"156964","464","3528","114688","9","0","11.0230908698","11.0195509189","10.9942284723","10.9926083922","10.9926083922","0.00353995092894","0.0288623974511","0.0304824775577","mini_donor","0.0304824775577"
"158374","544","4141","114688","9","0","26.4198951976","26.4581925048","26.4122635262","26.4536977938","26.4536977938","-0.0382973071729","0.00763167137211","-0.033802596242","donor_profile","0.00763167137211"
"159402","474","3608","114688","9","0","11.4349743125","11.4800153379","11.4259823696","11.471877643","11.471877643","-0.0450410253547","0.00899194289195","-0.0369033305237","donor_profile","0.00899194289195"
"159879","473","3600","114688","9","0","11.4873735927","11.4616417119","11.4901928678","11.4651210975","11.4651210975","0.025731880827","-0.00281927506603","0.0222524951804","mini_cmix","0.025731880827"
"160355","472","3594","114688","9","0","10.0457121959","10.0867865515","10.0307772432","10.0729652834","10.0729652834","-0.0410743555777","0.0149349527146","-0.0272530874901","donor_profile","0.0149349527146"
"160830","457","3472","114688","9","0","16.6732710909","16.8102689594","16.6608206667","16.7993300512","16.7993300512","-0.136997868526","0.0124504241803","-0.12605896029","donor_profile","0.0124504241803"
"161763","473","3599","114688","9","0","11.1914856381","11.1803493115","11.2104468516","11.2001427604","11.2001427604","0.0111363265778","-0.0189612135091","-0.00865712228642","mini_cmix","0.0111363265778"
"162708","476","3615","114688","9","0","9.69708797873","9.75612437265","9.69256429351","9.75242228506","9.75242228506","-0.0590363939232","0.00452368522201","-0.0553343063334","donor_profile","0.00452368522201"
"163187","481","3644","114688","9","0","24.951701992","24.7707725461","24.9335584998","24.7547534747","24.7547534747","0.180929445888","0.0181434922006","0.196948517332","mini_donor","0.196948517332"
"164378","577","4382","114688","9","0","63.6251497973","63.7752361183","63.5421217252","63.6948098765","63.6948098765","-0.150086320991","0.0830280720602","-0.069660079246","donor_profile","0.0830280720602"
"164958","466","3547","114688","9","0","10.6053150973","10.6615320088","10.5879597854","10.6457255257","10.6457255257","-0.0562169114382","0.0173553119012","-0.0404104283743","donor_profile","0.0173553119012"
"165909","471","3596","114688","9","0","10.4899480733","10.4481520798","10.5088301553","10.4683653311","10.4683653311","0.041795993554","-0.0188820819976","0.0215827422354","mini_cmix","0.041795993554"
"170475","499","3783","114688","9","0","13.3938544149","13.3100626138","13.3991033188","13.3159829293","13.3159829293","0.083791801033","-0.0052489039881","0.0778714855652","mini_cmix","0.083791801033"
"172415","483","3667","114688","9","0","10.330377986","10.29536715","10.3276170904","10.2928636697","10.2928636697","0.0350108360012","0.00276089562794","0.0375143163506","mini_donor","0.0375143163506"
"172901","628","4805","114688","9","0","74.5954529063","74.4750120993","74.5824477643","74.4657327817","74.4657327817","0.120440807004","0.0130051419428","0.129720124626","mini_donor","0.129720124626"
"174007","482","3669","114688","9","0","11.8589092151","11.8184241266","11.8645108427","11.8248584632","11.8248584632","0.0404850884784","-0.00560162758666","0.0340507519445","mini_cmix","0.0404850884784"
"175462","709","5387","114688","9","0","75.1829303403","75.163055518","75.2138229037","75.199733055","75.199733055","0.0198748222648","-0.0308925634308","-0.0168027147355","mini_cmix","0.0198748222648"
"176174","474","3603","114688","9","0","10.0805316854","10.2105671433","10.0753091106","10.2066520482","10.2066520482","-0.130035457858","0.00522257486136","-0.126120362799","donor_profile","0.00522257486136"
"178094","451","3423","114688","9","0","14.5251542718","14.4580752035","14.5132707024","14.4473668225","14.4473668225","0.0670790682525","0.0118835693747","0.0777874493015","mini_donor","0.0777874493015"
"178548","467","3553","114688","9","0","9.94240718713","10.0022004288","9.91596908919","9.97719286639","9.97719286639","-0.0597932417039","0.026438097937","-0.0347856792558","donor_profile","0.026438097937"
"179983","600","4577","114688","9","0","48.1069035255","48.138532198","48.09851787","48.1329011162","48.1329011162","-0.0316286725141","0.00838565549111","-0.0259975907451","donor_profile","0.00838565549111"
"181044","455","3464","114688","9","0","9.91435129702","10.0012218761","9.91360244751","10.0021161597","10.0021161597","-0.0868705791221","0.000748849504816","-0.0877648626696","donor_profile","0.000748849504816"
"182905","467","3547","114688","9","0","9.37725980061","9.37190551251","9.38470985335","9.38070792696","9.38070792696","0.00535428810406","-0.0074500527362","-0.00344812634569","mini_cmix","0.00535428810406"
"183852","466","3542","114688","9","0","9.18083322728","9.23483670361","9.17393786923","9.22903590606","9.22903590606","-0.0540034763305","0.00689535805759","-0.0482026787738","donor_profile","0.00689535805759"
"184321","474","3600","114688","9","0","11.4986333332","11.4964449252","11.4978818972","11.4964902937","11.4964902937","0.00218840797061","0.00075143592494","0.00214303946177","mini_cmix","0.00218840797061"
"184798","467","3554","114688","9","0","11.6561222455","11.5719149129","11.6513412364","11.5681058019","11.5681058019","0.0842073325775","0.00478100902365","0.0880164435239","mini_donor","0.0880164435239"
"186213","454","3452","114688","9","0","10.3216179139","10.3454209148","10.3147035893","10.3393094434","10.3393094434","-0.0238030009405","0.00691432454187","-0.0176915294751","donor_profile","0.00691432454187"
"187135","464","3516","114688","9","0","11.3104784246","11.2971848188","11.3027283652","11.2898217851","11.2898217851","0.0132936057717","0.00775005945161","0.0206566395091","mini_donor","0.0206566395091"
"187602","412","3117","114688","9","0","12.3449240427","12.3265751022","12.3470815888","12.3292227858","12.3292227858","0.0183489404978","-0.00215754611145","0.0157012568714","mini_cmix","0.0183489404978"
"190455","711","5438","114688","6","0","14.5525754567","14.6720371057","14.5493887233","14.6691057618","14.6691057618","-0.119461648983","0.00318673335096","-0.11653030515","donor_profile","0.00318673335096"
"192111","441","3345","114688","9","0","11.7442927611","11.6354788618","11.7482757671","11.6402626749","11.6402626749","0.108813899382","-0.00398300592042","0.104030086245","mini_cmix","0.108813899382"
"194360","449","3399","114688","9","0","10.0892811737","10.1425849936","10.0855044907","10.1392102029","10.1392102029","-0.0533038198795","0.00377668301189","-0.0499290291813","donor_profile","0.00377668301189"
"194812","425","3206","114688","9","0","15.401855768","15.2992384055","15.4068193572","15.3054115531","15.3054115531","0.102617362438","-0.00496358919554","0.09644421485","mini_cmix","0.102617362438"
"195240","513","3885","114688","9","0","48.0286301014","48.0149567516","48.0518575067","48.040726156","48.040726156","0.0136733497993","-0.0232274052823","-0.012096054601","mini_cmix","0.0136733497993"
"195756","977","7499","114688","9","0","201.787008775","201.745249847","201.834057146","201.801629688","201.801629688","0.041758927616","-0.0470483705712","-0.0146209124548","mini_cmix","0.041758927616"
"196736","498","3803","114688","9","0","22.4092501827","22.6222721144","22.3978058623","22.6123379944","22.6123379944","-0.213021931725","0.0114443204129","-0.203087811674","donor_profile","0.0114443204129"
"197237","546","4164","114688","9","0","17.1232540047","17.1902160222","17.121061757","17.1892599712","17.1892599712","-0.0669620174193","0.00219224773628","-0.0660059664132","donor_profile","0.00219224773628"
"197786","467","3563","114688","9","0","21.35046572","21.2104239247","21.3727781211","21.2347866481","21.2347866481","0.140041795376","-0.0223124010445","0.115679071967","mini_cmix","0.140041795376"
"198718","740","5666","114688","6","0","22.1537281649","22.2783516481","22.1018035777","22.2276267601","22.2276267601","-0.124623483195","0.0519245871255","-0.0738985952344","donor_profile","0.0519245871255"
"199461","443","3372","114688","9","0","10.3315689107","10.4371614746","10.3305289532","10.4374046428","10.4374046428","-0.105592563924","0.00103995748213","-0.105835732075","donor_profile","0.00103995748213"
"199907","452","3443","114688","9","0","11.3953266028","11.4097077609","11.3869326938","11.4024874072","11.4024874072","-0.0143811581488","0.00839390902365","-0.00716080447319","donor_profile","0.00839390902365"
"200362","466","3541","114688","9","0","14.8488827239","14.9621225335","14.8451941829","14.9606990307","14.9606990307","-0.11323980967","0.00368854099634","-0.111816306844","donor_profile","0.00368854099634"
"201732","457","3474","114688","9","0","10.9106900535","10.8399556337","10.9200517043","10.8496511309","10.8496511309","0.0707344197122","-0.00936165087296","0.0610389225208","mini_cmix","0.0707344197122"
"202192","404","3066","114688","9","0","12.6756858287","12.6380138447","12.6687318003","12.6319772858","12.6319772858","0.0376719840324","0.00695402838392","0.0437085428894","mini_donor","0.0437085428894"
"203474","506","3834","114688","9","0","28.9301030406","28.929562277","28.9298431354","28.9307417814","28.9307417814","0.000540763576964","0.0002599051777","-0.00063874076136","mini_cmix","0.000540763576964"
"203983","533","4062","114688","9","0","23.3019438809","23.4954723581","23.272882089","23.4685665267","23.4685665267","-0.193528477131","0.0290617919609","-0.166622645772","donor_profile","0.0290617919609"
"204519","523","3985","114688","9","0","39.5475718124","39.5763877737","39.5429453436","39.5746230806","39.5746230806","-0.0288159612712","0.00462646881897","-0.0270512681657","donor_profile","0.00462646881897"
"205974","465","3541","114688","9","0","9.11055473457","9.18528465843","9.10552871645","9.18146496064","9.18146496064","-0.074729923856","0.00502601811877","-0.0709102260648","donor_profile","0.00502601811877"
"206442","443","3369","114688","9","0","10.0704067428","10.0338119534","10.0987019315","10.063565474","10.063565474","0.0365947893803","-0.0282951887739","0.00684126874114","mini_cmix","0.0365947893803"
"206888","915","7045","114688","6","0","118.504969512","118.380829579","118.493784158","118.375463861","118.375463861","0.124139933431","0.0111853538074","0.129505650733","mini_donor","0.129505650733"
"209146","526","4006","114688","9","0","39.5931079752","39.6502032869","39.5628041089","39.6220293217","39.6220293217","-0.0570953117207","0.0303038663124","-0.0289213464652","donor_profile","0.0303038663124"
"209675","1253","9710","114688","9","0","369.826017468","370.043403988","369.780272942","370.007886592","370.007886592","-0.217386519566","0.045744526301","-0.181869123965","donor_profile","0.045744526301"
"210931","1537","11826","114688","6","0","353.282783883","353.251329117","353.203241526","353.190214803","353.190214803","0.0314547661485","0.0795423577856","0.0925690803799","mini_donor","0.0925690803799"
"213040","938","7222","114688","9","0","173.270457941","173.340298062","173.235406328","173.314969745","173.314969745","-0.069840121519","0.0350516127237","-0.0445118038145","donor_profile","0.0350516127237"
"213981","516","3900","114688","9","0","17.7962906018","17.9401609681","17.7958266744","17.9419537228","17.9419537228","-0.143870366284","0.000463927437522","-0.145663120999","donor_profile","0.000463927437522"
"214500","1260","9648","114688","9","0","265.855384812","265.843368307","265.919019049","265.923403869","265.923403869","0.0120165046894","-0.0636342368407","-0.068019056979","mini_cmix","0.0120165046894"
"219220","1519","11594","114688","9","0","333.351898936","333.937614611","333.278803972","333.881827694","333.881827694","-0.585715674905","0.0730949632771","-0.529928758227","donor_profile","0.0730949632771"
"221256","1203","9199","114688","6","0","181.796628558","181.902508438","181.79457705","181.910898733","181.910898733","-0.105879879786","0.00205150833699","-0.114270174511","donor_profile","0.00205150833699"
"222462","1137","8734","114688","9","0","250.906145249","251.148465483","250.847951598","251.104075841","251.104075841","-0.242320234022","0.058193650907","-0.197930592329","donor_profile","0.058193650907"
"224345","488","3694","114688","9","0","22.16826065","22.1087674765","22.132941391","22.0778934848","22.0778934848","0.0594931734674","0.0353192589764","0.0903671652593","mini_donor","0.0903671652593"
"224836","1117","8511","114688","6","0","145.612683781","145.75405145","145.589842535","145.73874423","145.73874423","-0.141367669003","0.0228412462911","-0.126060448946","donor_profile","0.0228412462911"
"226958","529","4016","114688","9","0","17.0698695682","17.1569538576","17.0603410589","17.1491894412","17.1491894412","-0.0870842893765","0.00952850924023","-0.079319873009","donor_profile","0.00952850924023"
"227490","1026","7826","114688","6","0","101.264196259","101.269929986","101.252212616","101.264645946","101.264645946","-0.00573372721408","0.011983642984","-0.000449687193736","donor_profile","0.011983642984"
"229573","530","4017","114688","9","0","16.4186157456","16.3964360556","16.4450927208","16.424785269","16.424785269","0.0221796900539","-0.0264769752139","-0.00616952340829","mini_cmix","0.0221796900539"
"230630","511","3872","114688","9","0","15.8102912235","15.7637632255","15.8285018112","15.7831742389","15.7831742389","0.0465279980132","-0.0182105876684","0.0271169846379","mini_cmix","0.0465279980132"
"231144","500","3782","114688","9","0","19.5381924976","19.493702196","19.5225641948","19.4801460636","19.4801460636","0.0444903016033","0.0156283028591","0.0580464340911","mini_donor","0.0580464340911"
"232691","636","4833","114688","9","0","49.6603510231","49.655338374","49.6941953812","49.6938196407","49.6938196407","0.00501264912168","-0.0338443581149","-0.0334686175436","mini_cmix","0.00501264912168"
"233848","541","4093","114688","9","0","25.8074648942","25.779552658","25.7635654137","25.7380655497","25.7380655497","0.0279122361439","0.0438994804599","0.0693993445034","mini_donor","0.0693993445034"
"234392","992","7488","114688","6","0","73.9501049381","74.1315187124","73.8661288753","74.0550373954","74.0550373954","-0.181413774293","0.0839760627259","-0.104932457351","donor_profile","0.0839760627259"
"236094","1590","12236","114688","6","0","360.320764425","360.407594308","360.287651313","360.393188707","360.393188707","-0.0868298832532","0.0331131117409","-0.0724242825667","donor_profile","0.0331131117409"
"238216","3388","25970","114688","6","0","1076.73245954","1076.65631715","1076.48894148","1076.46323291","1076.46323291","0.0761423894812","0.243518059787","0.269226632608","mini_donor","0.269226632608"
"241607","3999","30974","114688","6","0","1429.78806153","1430.26112414","1429.77481714","1430.30618522","1430.30618522","-0.473062604876","0.0132443907714","-0.518123685439","donor_profile","0.0132443907714"
"245609","5104","39097","114688","6","0","1451.53791993","1452.09136261","1451.41840782","1452.04278406","1452.04278406","-0.553442676382","0.119512110537","-0.504864134035","donor_profile","0.119512110537"
"256476","520","3935","114688","9","0","15.1336955648","15.1581439627","15.1275569908","15.1532209951","15.1532209951","-0.0244483978495","0.00613857399276","-0.0195254302826","donor_profile","0.00613857399276"
"259091","559","4228","114688","9","0","25.2835808197","25.2712135445","25.2904980752","25.2797980996","25.2797980996","0.01236727523","-0.00691725552224","0.00378272006242","mini_cmix","0.01236727523"
"259653","828","6255","114688","9","0","144.500434412","144.264312018","144.6335245","144.407050161","144.407050161","0.236122394004","-0.133090088189","0.0933842509963","mini_cmix","0.236122394004"
"263143","538","4087","114688","9","0","16.3171127877","16.2446820243","16.3189559214","16.2470647307","16.2470647307","0.0724307633409","-0.00184313370119","0.0700480569394","mini_cmix","0.0724307633409"
"264222","287","2182","114688","1","0","4.93294517471","4.95643716445","4.91298088316","4.93861823914","4.93861823914","-0.0234919897435","0.0199642915486","-0.00567306443338","donor_profile","0.0199642915486"
"265033","531","4027","114688","9","0","15.2153445097","15.1897033735","15.2155400431","15.1904850722","15.1904850722","0.0256411361423","-0.000195533383703","0.0248594374833","mini_cmix","0.0256411361423"
"265567","472","3576","114688","9","0","14.2418610127","14.1830142264","14.276387844","14.2171703958","14.2171703958","0.058846786389","-0.0345268312631","0.0246906169004","mini_cmix","0.058846786389"
"266042","478","3623","114688","9","0","12.7347250786","12.815414999","12.7337493207","12.8153266789","12.8153266789","-0.0806899204591","0.000975757881861","-0.0806016003518","donor_profile","0.000975757881861"
"266997","757","5748","114688","9","0","113.727238365","113.560883904","113.691013263","113.530105549","113.530105549","0.166354461044","0.0362251026472","0.197132816587","mini_donor","0.197132816587"
"269680","904","6874","114688","6","0","77.7536398793","77.7347901449","77.6815236689","77.6668854731","77.6668854731","0.0188497343291","0.0721162103619","0.0867544061479","mini_donor","0.0867544061479"
"270587","717","5447","114688","6","0","21.3022511955","21.4821117843","21.2510915307","21.4316662897","21.4316662897","-0.179860588791","0.051159664793","-0.129415094126","donor_profile","0.051159664793"
"271307","518","3910","114688","9","0","13.3618464307","13.3523828247","13.3480105461","13.3393674398","13.3393674398","0.00946360606554","0.0138358846061","0.022478990885","mini_donor","0.022478990885"
"275482","480","3636","114688","9","0","12.8261995951","12.8166586763","12.8297764154","12.8208187134","12.8208187134","0.00954091883398","-0.00357682027879","0.00538088174983","mini_cmix","0.00954091883398"
"275965","471","3559","114688","9","0","11.5821746064","11.5621308147","11.5840022029","11.5644674161","11.5644674161","0.020043791733","-0.00182759645122","0.0177071903246","mini_cmix","0.020043791733"
"277399","465","3522","114688","9","0","13.2808144697","13.2068710326","13.2801503768","13.2068141423","13.2068141423","0.0739434371267","0.000664092839543","0.0740003273427","mini_donor","0.0740003273427"
"278317","459","3463","114688","9","0","13.9158678369","13.886768311","13.9106715592","13.8822296167","13.8822296167","0.0290995258481","0.00519627771519","0.0336382201947","mini_donor","0.0336382201947"
"278779","275","2094","114688","1","0","6.50953627673","6.46865286533","6.50591583281","6.46543126273","6.46543126273","0.0408834114049","0.00362044392205","0.0441050139997","mini_donor","0.0441050139997"
"279530","463","3493","114688","9","0","10.9776486488","10.9882423157","10.9769948376","10.9884844347","10.9884844347","-0.0105936669536","0.000653811163829","-0.0108357859065","donor_profile","0.000653811163829"
"279996","477","3603","114688","9","0","12.4798477652","12.4553528588","12.4865196569","12.4629688886","12.4629688886","0.0244949064406","-0.00667189164324","0.0168788765748","mini_cmix","0.0244949064406"
"281423","470","3553","114688","9","0","13.1455456776","13.1159345106","13.1528824788","13.1242856566","13.1242856566","0.0296111669513","-0.00733680125359","0.0212600210371","mini_cmix","0.0296111669513"
"281896","469","3542","114688","9","0","11.7972932867","11.8248839089","11.7968138749","11.8251028178","11.8251028178","-0.0275906221899","0.000479411737615","-0.0278095310854","donor_profile","0.000479411737615"
"282368","283","2154","114688","1","0","7.10294253971","7.05703903293","7.10118135375","7.05625819158","7.05625819158","0.0459035067826","0.00176118596664","0.04668434813","mini_donor","0.04668434813"
"283641","475","3586","114688","9","0","12.4984611526","12.5239103822","12.4756594231","12.5021183267","12.5021183267","-0.0254492295697","0.0228017294448","-0.00365717407283","donor_profile","0.0228017294448"
"284119","717","5437","114688","9","0","87.6455143786","87.6258615245","87.6706068364","87.6550825242","87.6550825242","0.0196528540107","-0.025092457865","-0.00956814567712","mini_cmix","0.0196528540107"
"286769","483","3661","114688","9","0","16.0246942507","15.9773171732","16.0236538914","15.9777075321","15.9777075321","0.0473770774952","0.00104035929871","0.0469867186366","mini_cmix","0.0473770774952"
"287255","455","3492","114688","1","0","80.0979296359","79.9914798923","80.0881395269","79.9841978022","79.9841978022","0.106449743613","0.00979010897026","0.11373183365","mini_donor","0.11373183365"
"287995","971","7343","114688","6","0","124.745538485","124.734708744","124.729735366","124.729243712","124.729243712","0.0108297404552","0.0158031185929","0.016294773148","mini_donor","0.016294773148"
"288969","586","4457","114688","9","0","30.9832963692","31.1588540115","30.9500125898","31.1294124244","31.1294124244","-0.175557642321","0.0332837794194","-0.146116055254","donor_profile","0.0332837794194"
"291146","873","6607","114688","9","0","116.709362705","116.730838785","116.682004296","116.711828688","116.711828688","-0.02147607978","0.0273584094366","-0.00246598276419","donor_profile","0.0273584094366"
"292022","508","3848","114688","9","0","13.1170858235","13.1042352436","13.1086384595","13.0975821621","13.0975821621","0.0128505799452","0.00844736399813","0.0195036614563","mini_donor","0.0195036614563"
"293062","500","3780","114688","9","0","12.7326934386","12.7830166394","12.7183389676","12.7705908638","12.7705908638","-0.0503232007607","0.0143544710299","-0.0378974252028","donor_profile","0.0143544710299"
"294089","921","7039","114688","9","0","147.636072226","147.662385729","147.635166119","147.667147705","147.667147705","-0.0263135032505","0.000906106897673","-0.0310754785428","donor_profile","0.000906106897673"
"295541","502","3781","114688","9","0","15.5210728072","15.4993593721","15.4845669877","15.4644211674","15.4644211674","0.0217134351847","0.0365058195212","0.0566516398717","mini_donor","0.0566516398717"
"297646","524","3961","114688","9","0","13.0242545357","13.0194876677","13.0331081478","13.0293346536","13.0293346536","0.00476686804075","-0.00885361208293","-0.00508011785689","mini_cmix","0.00476686804075"
"298173","276","2101","114688","1","0","6.43461918814","6.39321124608","6.44372698795","6.40311728213","6.40311728213","0.0414079420517","-0.00910779981677","0.0315019060018","mini_cmix","0.0414079420517"
"298976","660","4992","114688","9","0","77.8044313358","77.8026814563","77.806440014","77.8078365604","77.8078365604","0.00174987948856","-0.00200867824606","-0.00340522459294","mini_cmix","0.00174987948856"
"301195","522","3952","114688","9","0","11.8494979718","11.8488501358","11.8512566622","11.8512509986","11.8512509986","0.000647835991685","-0.00175869040322","-0.0017530267744","mini_cmix","0.000647835991685"
"302774","874","6687","114688","1","0","78.5130303098","78.5622466756","78.4256248694","78.4784849061","78.4784849061","-0.0492163657831","0.0874054404485","0.0345454036902","donor_profile","0.0874054404485"
"303651","544","4115","114688","9","0","19.1283511569","19.1242354942","19.15229759","19.150010457","19.150010457","0.0041156626653","-0.023946433068","-0.0216593000528","mini_cmix","0.0041156626653"
"304718","750","5729","114688","9","0","131.857083068","131.811677998","131.867090434","131.82649907","131.82649907","0.0454050705378","-0.0100073656222","0.0305839981695","mini_cmix","0.0454050705378"
"307564","840","6397","114688","6","0","36.6692899255","36.7772475628","36.5960466109","36.7052828948","36.7052828948","-0.107957637298","0.0732433146231","-0.0359929693291","donor_profile","0.0732433146231"
"309216","525","3961","114688","9","0","14.7041241138","14.5566591946","14.7047750446","14.5585297513","14.5585297513","0.147464919205","-0.000650930770462","0.14559436256","mini_cmix","0.147464919205"
"309744","528","3991","114688","9","0","12.1932936966","12.1736543523","12.2039615497","12.1853709831","12.1853709831","0.019639344289","-0.0106678530938","0.00792271349712","mini_cmix","0.019639344289"
"311252","522","3935","114688","9","0","11.4194472619","11.4394532672","11.4031056177","11.4240371841","11.4240371841","-0.0200060052562","0.0163416442183","-0.00458992213817","donor_profile","0.0163416442183"
"329506","369","2817","114688","1","0","59.0762209123","59.1682325906","59.0707608572","59.1684000355","59.1684000355","-0.092011678296","0.00546005504475","-0.0921791232328","donor_profile","0.00546005504475"
"330300","417","3159","114688","9","0","51.0177497084","51.2196928561","51.0075850508","51.2140625519","51.2140625519","-0.20194314777","0.0101646575467","-0.196312843504","donor_profile","0.0101646575467"
"330720","425","3229","114688","9","0","42.4695949177","42.6512648531","42.4603006691","42.6455180997","42.6455180997","-0.181669935384","0.00929424861351","-0.175923181998","donor_profile","0.00929424861351"
"331570","360","2736","114688","1","0","50.9254165523","51.0598591623","50.9200532915","51.0584456403","51.0584456403","-0.134442610071","0.00536326079327","-0.133029088041","donor_profile","0.00536326079327"
"332377","497","3800","114688","1","0","78.8375757165","78.8584029226","78.7595027374","78.786418294","78.786418294","-0.0208272061174","0.0780729790877","0.0511574224864","donor_profile","0.0780729790877"
"332877","629","4809","114688","1","0","129.994195409","130.238116109","129.960437406","130.213546011","130.213546011","-0.243920699431","0.0337580030528","-0.219350601953","donor_profile","0.0337580030528"
"333509","531","4047","114688","9","0","54.2445315266","54.2973441569","54.2346491577","54.2919837436","54.2919837436","-0.0528126302572","0.00988236890498","-0.0474522170173","donor_profile","0.00988236890498"
"335340","402","3087","114688","1","0","42.0195508453","42.0008104677","42.0045846944","41.9891639741","41.9891639741","0.0187403775861","0.0149661508431","0.0303868711525","mini_donor","0.0303868711525"
"336279","503","3833","114688","9","0","40.2338494124","40.3518041195","40.2330391339","40.3526020105","40.3526020105","-0.117954707075","0.000810278463177","-0.118752598156","donor_profile","0.000810278463177"
"337700","712","5406","114688","9","0","99.9037314641","99.7820145491","99.9223354277","99.8077341667","99.8077341667","0.121716914981","-0.0186039635746","0.0959972973836","mini_cmix","0.121716914981"
"339350","421","3238","114688","1","0","67.8720848242","67.9283957282","67.8682210885","67.9289202452","67.9289202452","-0.0563109039896","0.00386373564379","-0.056835421031","donor_profile","0.00386373564379"
"339774","293","2260","114688","1","0","24.2945578554","24.327205398","24.2813644748","24.315928649","24.315928649","-0.0326475425771","0.0131933806833","-0.0213707935271","donor_profile","0.0131933806833"
"340483","486","3729","114688","1","0","77.5623105854","77.4265596122","77.5860633563","77.4546706072","77.4546706072","0.135750973168","-0.0237527709096","0.107639978172","mini_cmix","0.135750973168"
"340972","451","3472","114688","9","0","48.966656224","49.0394424025","48.9474278624","49.0232102328","49.0232102328","-0.0727861785196","0.0192283615206","-0.0565540088161","donor_profile","0.0192283615206"
"341886","4520","34794","114688","6","0","1602.62606313","1602.79135097","1602.61936217","1602.85147374","1602.85147374","-0.165287842493","0.00670095872465","-0.225410610405","donor_profile","0.00670095872465"
"346913","469","3622","114688","9","0","56.4331544529","56.5020048798","56.3967660948","56.4705721206","56.4705721206","-0.068850426949","0.0363883581067","-0.0374176677158","donor_profile","0.0363883581067"
"347385","1700","13044","114688","1","0","570.872318294","571.4387492","570.685005393","571.279156482","571.279156482","-0.566430905392","0.187312901314","-0.406838187736","donor_profile","0.187312901314"
"349088","167","1293","114688","9","0","45.3416343674","45.2392558388","45.31558221","45.2136955104","45.2136955104","0.102378528611","0.0260521573682","0.127938857005","mini_donor","0.127938857005"
"349444","90","705","114688","1","0","17.5598626182","17.4074945623","17.5916460917","17.4417686961","17.4417686961","0.152368055925","-0.0317834734469","0.118093922122","mini_cmix","0.152368055925"
"349537","422","3277","114688","6","0","126.435879126","126.689011865","126.328734816","126.588305799","126.588305799","-0.253132738733","0.107144309321","-0.15242667282","donor_profile","0.107144309321"
"349962","1559","12027","114688","6","0","542.034317369","542.245293528","541.925127164","542.162407957","542.162407957","-0.210976158956","0.109190205355","-0.128090587535","donor_profile","0.109190205355"
"357884","1144","8686","114688","9","0","331.409764376","330.974303279","331.164186445","330.746813094","330.746813094","0.435461096964","0.245577931242","0.662951281514","mini_donor","0.662951281514"
"359031","4538","34633","114688","9","0","1013.971876","1014.58682121","1013.90912656","1014.56760555","1014.56760555","-0.614945214775","0.0627494440678","-0.595729545276","donor_profile","0.0627494440678"
"363572","185","1390","114688","1","0","52.9650839932","52.9320365766","52.8195937501","52.7892475409","52.7892475409","0.0330474165318","0.145490243089","0.175836452269","mini_donor","0.175836452269"
"366054","332","2562","114688","1","0","85.7044063119","85.8417303168","85.6747937248","85.8178428903","85.8178428903","-0.137324004944","0.0296125870964","-0.113436578417","donor_profile","0.0296125870964"
"366389","601","4673","114688","1","0","193.286474017","193.435049467","193.20376944","193.364113798","193.364113798","-0.148575450341","0.0827045763235","-0.0776397816646","donor_profile","0.0827045763235"
"378960","2278","17414","114688","9","0","137.002529934","136.975124991","136.987181984","136.964086777","136.964086777","0.0274049429501","0.0153479495766","0.0384431568901","mini_donor","0.0384431568901"
"381241","2202","16855","114688","9","0","183.621606007","184.047454188","183.602857072","184.035331687","184.035331687","-0.42584818131","0.0187489349582","-0.413725680659","donor_profile","0.0187489349582"
"383446","2291","17558","114688","9","0","179.235444348","179.576238879","179.214378735","179.562597087","179.562597087","-0.340794530406","0.0210656129575","-0.327152738179","donor_profile","0.0210656129575"
"385740","2431","18624","114688","9","0","211.777934057","212.265949631","211.700456845","212.197707796","212.197707796","-0.488015573498","0.0774772121867","-0.419773739105","donor_profile","0.0774772121867"
"390351","2971","22585","114688","9","0","233.993775514","234.37417086","233.959010628","234.343995608","234.343995608","-0.380395345818","0.0347648858733","-0.35022009401","donor_profile","0.0347648858733"
"396176","2455","18846","114688","9","0","238.416296307","238.834821608","238.238817314","238.672608701","238.672608701","-0.418525301415","0.177478992273","-0.256312393811","donor_profile","0.177478992273"
"400637","3068","23297","114688","9","0","214.075063218","214.275208208","214.058743604","214.264458831","214.264458831","-0.200144990686","0.0163196137464","-0.189395613643","donor_profile","0.0163196137464"
"403708","2451","18821","114688","9","0","232.520828593","232.458253064","232.544126112","232.493490824","232.493490824","0.0625755296305","-0.0232975190456","0.0273377695175","mini_cmix","0.0625755296305"
"410490","2285","17551","114688","9","0","148.161734238","148.369544254","148.123061689","148.340665067","148.340665067","-0.207810016254","0.0386725490116","-0.178930829071","donor_profile","0.0386725490116"
"418009","1782","13705","114688","9","0","99.1782171086","99.1133799281","99.2292352879","99.170359179","99.170359179","0.0648371805482","-0.0510181792433","0.00785792962597","mini_cmix","0.0648371805482"
"419794","4913","37707","114688","6","0","1111.46056029","1111.42312839","1111.50720096","1111.50744761","1111.50744761","0.0374318967736","-0.0466406777359","-0.0468873255738","mini_cmix","0.0374318967736"
"424710","2477","18597","114688","9","0","356.518714527","356.724889352","356.451758648","356.674441271","356.674441271","-0.206174824476","0.0669558794598","-0.155726743654","donor_profile","0.0669558794598"
"427625","1993","15491","114688","9","0","729.881439957","729.718622887","729.92059956","729.779697491","729.779697491","0.162817070246","-0.0391596026902","0.101742466365","mini_cmix","0.162817070246"
"429621","9702","74643","114688","9","0","3254.24646604","3255.9983637","3254.03106142","3255.92298322","3255.92298322","-1.75189766552","0.215404614568","-1.67651718421","donor_profile","0.215404614568"
"439919","1722","13135","114688","6","0","380.020131631","380.541660107","379.578715118","380.123298087","380.123298087","-0.521528475943","0.441416513252","-0.103166455716","donor_profile","0.441416513252"
"441644","2471","18329","114688","9","0","256.6474029","256.876028777","256.646993041","256.882153441","256.882153441","-0.228625876205","0.000409859717365","-0.234750540192","donor_profile","0.000409859717365"
"447984","1729","13090","114688","6","0","754.219060522","754.852897236","754.120879049","754.769496658","754.769496658","-0.633836714032","0.098181472521","-0.550436135688","donor_profile","0.098181472521"
"451656","5498","42339","114688","9","0","1858.81622392","1859.52968087","1858.55397569","1859.33581401","1859.33581401","-0.71345695678","0.26224823088","-0.519590088028","donor_profile","0.26224823088"
"457157","1391","10707","114688","6","0","389.31969292","389.769394426","389.315286154","389.786552315","389.786552315","-0.449701505843","0.00440676639391","-0.466859395448","donor_profile","0.00440676639391"
"482047","608","4654","114688","1","0","173.038784867","173.20619245","173.037715597","173.213464025","173.213464025","-0.167407582882","0.00106926990793","-0.174679158502","donor_profile","0.00106926990793"
"484832","709","5429","114688","6","0","167.477786376","167.460931565","167.476145474","167.467766449","167.467766449","0.0168548112804","0.0016409019463","0.0100199274755","mini_cmix","0.0168548112804"
"485544","887","6802","114688","6","0","250.15857757","250.354852842","250.14030241","250.347526465","250.347526465","-0.196275272238","0.0182751601069","-0.188948894646","donor_profile","0.0182751601069"
"486434","577","4363","114688","9","0","87.468123399","87.4460971302","87.4803616214","87.4646142146","87.4646142146","0.0220262688067","-0.0122382223881","0.00350918444065","mini_cmix","0.0220262688067"
"487014","1158","8866","114688","6","0","307.30807557","307.678262377","307.290573464","307.674647984","307.674647984","-0.370186806561","0.0175021066243","-0.366572414177","donor_profile","0.0175021066243"
"490239","555","4248","114688","6","0","131.828499944","131.737571589","131.846368645","131.762328926","131.762328926","0.0909283551237","-0.0178687011612","0.0661710182394","mini_cmix","0.0909283551237"
"507886","3442","26371","114688","6","0","944.822120357","945.552160871","944.681241578","945.45066121","945.45066121","-0.730040514333","0.140878778923","-0.628540853357","donor_profile","0.140878778923"
"511331","5121","39438","114688","0","0","1336.22504805","1337.22899977","1336.07592422","1337.1383055","1337.1383055","-1.00395172662","0.149123823514","-0.913257447767","donor_profile","0.149123823514"
"516455","12183","94253","114688","6","0","3640.45905713","3642.60680722","3640.27107081","3642.57048431","3642.57048431","-2.14775009197","0.187986317948","-2.11142718227","donor_profile","0.187986317948"
"536415","3605","27686","114688","6","0","1036.06885865","1036.79444641","1036.02190231","1036.79705791","1036.79705791","-0.725587767156","0.0469563344768","-0.72819926541","donor_profile","0.0469563344768"
"540023","2039","15651","114688","6","0","556.131087453","556.719330779","556.076234125","556.692173964","556.692173964","-0.58824332619","0.0548533282235","-0.561086510981","donor_profile","0.0548533282235"
"542065","17442","135390","114688","6","0","6480.99525708","6484.17713016","6480.32522364","6483.70337047","6483.70337047","-3.18187308351","0.670033435215","-2.70811338875","donor_profile","0.670033435215"
"568401","37443","281703","114688","9","0","9058.76622714","9066.51358385","9058.6092058","9066.72611775","9066.72611775","-7.74735671213","0.157021338298","-7.95989061517","donor_profile","0.157021338298"
"605847","1015","7757","114688","9","0","310.114379708","310.406454768","310.101173792","310.413005155","310.413005155","-0.292075060288","0.0132059152056","-0.2986254471","donor_profile","0.0132059152056"
"606865","1231","9484","114688","6","0","431.264007714","431.748189649","431.243876753","431.747924469","431.747924469","-0.484181935123","0.0201309613813","-0.483916754707","donor_profile","0.0201309613813"
"608099","659","5054","114688","6","0","161.635164789","161.861805341","161.625582604","161.862397636","161.862397636","-0.226640551811","0.00958218551477","-0.227232846474","donor_profile","0.00958218551477"
"628870","4603","35531","114688","6","0","1523.71683779","1524.7681146","1523.62732467","1524.7461832","1524.7461832","-1.05127681368","0.0895131190491","-1.02934541252","donor_profile","0.0895131190491"
"641306","11602","90094","114688","0","0","4142.51858073","4144.59956874","4142.37858046","4144.59567154","4144.59567154","-2.0809880121","0.140000274096","-2.07709080848","donor_profile","0.140000274096"
"696979","1453","11151","114688","6","0","485.974310634","486.366905189","485.854957343","486.26528778","486.26528778","-0.39259455553","0.119353291126","-0.290977146427","donor_profile","0.119353291126"
"702254","3173","24373","114688","6","0","1055.1587922","1056.18809701","1055.04229315","1056.11841176","1056.11841176","-1.0293048101","0.116499051696","-0.959619562928","donor_profile","0.116499051696"
"708698","1518","11475","114688","9","0","331.133367003","331.517021809","331.089282895","331.490723158","331.490723158","-0.383654806027","0.0440841085374","-0.35735615502","donor_profile","0.0440841085374"
"712226","1893","14414","114688","6","0","361.401561492","362.15098833","361.400490098","362.180271332","362.180271332","-0.749426838006","0.0010713941565","-0.778709840324","donor_profile","0.0010713941565"
"715895","2434","18477","114688","6","0","488.62427499","489.30161563","488.546019013","489.257605618","489.257605618","-0.677340639577","0.0782559770114","-0.633330628449","donor_profile","0.0782559770114"
"718332","3364","25515","114688","6","0","728.937788482","729.83227348","728.786058119","729.724813333","729.724813333","-0.894484998332","0.151730362502","-0.787024851652","donor_profile","0.151730362502"
"724243","2187","16639","114688","6","0","427.873871323","428.215268506","427.802734414","428.174674614","428.174674614","-0.341397183492","0.0711369091396","-0.300803290689","donor_profile","0.0711369091396"
"726433","8244","63565","114688","6","0","2444.70676226","2446.29793025","2444.5950177","2446.30337102","2446.30337102","-1.591167994","0.111744563917","-1.59660875748","donor_profile","0.111744563917"
"736443","2515","19240","114688","6","0","586.211454076","586.842194477","586.210059019","586.876049591","586.876049591","-0.630740401595","0.00139505646712","-0.66459551547","donor_profile","0.00139505646712"
"742021","2750","21045","114688","6","0","623.863477731","624.45927195","623.806762527","624.437395107","624.437395107","-0.595794218963","0.0567152039002","-0.573917376188","donor_profile","0.0567152039002"
"769151","2342","17834","114688","6","0","500.251421916","500.988404705","500.236697509","501.000086908","501.000086908","-0.736982789299","0.0147244063655","-0.748664991775","donor_profile","0.0147244063655"
"783519","2637","20063","114688","6","0","456.225753744","456.854925925","456.153723849","456.819316044","456.819316044","-0.629172181162","0.0720298951755","-0.593562299681","donor_profile","0.0720298951755"
"786159","19858","150824","114688","9","0","3823.89510316","3827.4454785","3823.80472483","3827.52675646","3827.52675646","-3.5503753368","0.090378336713","-3.63165329327","donor_profile","0.090378336713"
"806020","2130","16468","114688","6","0","709.415313151","709.726277647","709.362116392","709.700702257","709.700702257","-0.310964496219","0.0531967591869","-0.285389106085","donor_profile","0.0531967591869"
"809308","1333","10200","114688","6","0","345.571631457","345.78302384","345.508738124","345.739584167","345.739584167","-0.211392382816","0.0628933325097","-0.16795271018","donor_profile","0.0628933325097"
"810644","443","3410","114688","1","0","84.153473991","84.3164336831","84.1174463496","84.2879673808","84.2879673808","-0.162959692092","0.0360276414212","-0.134493389796","donor_profile","0.0360276414212"
"811090","486","3709","114688","1","0","94.8058666116","95.0217037051","94.7428319944","94.9702761851","94.9702761851","-0.215837093529","0.0630346172447","-0.164409573468","donor_profile","0.0630346172447"
"814667","11448","87516","114688","9","0","3395.70977144","3398.64291979","3395.51220213","3398.58339238","3398.58339238","-2.93314834656","0.197569311998","-2.8736209319","donor_profile","0.197569311998"
"826118","1322","10071","114688","9","0","366.576520279","366.739739283","366.564232907","366.744325286","366.744325286","-0.16321900354","0.0122873722366","-0.167805006113","donor_profile","0.0122873722366"
"828426","3963","30444","114688","0","0","1292.76048794","1293.99384903","1292.6109341","1293.90294931","1293.90294931","-1.23336109232","0.149553841362","-1.14246137003","donor_profile","0.149553841362"
"833865","1698","13078","114688","6","0","498.967848328","499.269382807","498.831373094","499.162853036","499.162853036","-0.301534479238","0.136475233739","-0.19500470832","donor_profile","0.136475233739"
"842550","4464","34278","114688","6","0","1404.09506052","1405.25048989","1404.0515871","1405.27798253","1405.27798253","-1.15542937031","0.0434734211431","-1.18292200588","donor_profile","0.0434734211431"
"847017","22493","164497","114688","9","0","2062.41606399","2065.77000427","2062.3224366","2065.72545484","2065.72545484","-3.35394028227","0.0936273941975","-3.30939085264","donor_profile","0.0936273941975"
"869513","4435","33671","114688","9","0","1124.99482357","1125.72027241","1124.93544812","1125.7068573","1125.7068573","-0.725448843271","0.0593754458132","-0.712033728101","donor_profile","0.0593754458132"
"881103","6816","52297","114688","9","0","1872.44036483","1874.12217269","1872.39451064","1874.15766561","1874.15766561","-1.68180785089","0.0458541942762","-1.7173007769","donor_profile","0.0458541942762"
"887922","1498","11421","114688","9","0","395.216955729","395.499766053","395.158092594","395.464684001","395.464684001","-0.28281032467","0.0588631345354","-0.247728272511","donor_profile","0.0588631345354"
"889423","2636","20000","114688","9","0","717.891788776","718.413906232","717.743371093","718.298505303","718.298505303","-0.522117455277","0.148417683441","-0.406716526593","donor_profile","0.148417683441"
"914820","13722","104998","114688","9","0","4159.94893058","4163.7709807","4159.83880184","4163.84801157","4163.84801157","-3.82205012302","0.110128736766","-3.89908099484","donor_profile","0.110128736766"
"928545","8834","67717","114688","6","0","2777.07657382","2779.20107532","2776.91112251","2779.16014233","2779.16014233","-2.12450149518","0.165451317161","-2.08356850602","donor_profile","0.165451317161"
"966921","21017","161137","114688","9","0","5145.30227064","5150.86717681","5145.24425369","5151.05789865","5151.05789865","-5.56490617244","0.0580169402456","-5.75562801852","donor_profile","0.0580169402456"
"987941","796","6119","114688","0","0","217.944758684","217.726013839","217.820984147","217.615435308","217.615435308","0.218744844167","0.123774536291","0.329323375935","mini_donor","0.329323375935"
"1013604","1887","14505","114688","9","0","589.329396435","589.691054064","589.245963219","589.634591537","589.634591537","-0.361657628583","0.083433215912","-0.30519510139","donor_profile","0.083433215912"
"1019771","2520","18777","114688","9","0","430.273988656","430.24306007","430.329872503","430.334233629","430.334233629","0.0309285855795","-0.0558838476272","-0.060244973634","mini_cmix","0.0309285855795"
"1031158","1407","10728","114688","6","0","320.95463566","321.312078755","320.897121645","321.276332121","321.276332121","-0.357443094734","0.0575140151504","-0.321696461179","donor_profile","0.0575140151504"
